NM,방문수,만족,재방문의향,유형
제주동문시장,655,4.201526717557252,4.08854961832061,과대평가(붐빔+불만)
함덕해수욕장,623,4.573033707865169,4.513643659711075,대표명소(붐빔+만족)
협재해수욕장,501,4.522954091816367,4.491017964071856,대표명소(붐빔+만족)
서귀포매일올레시장,470,4.219148936170213,4.123404255319149,과대평가(붐빔+불만)
성산일출봉,455,4.525274725274725,4.371428571428571,대표명소(붐빔+만족)
전주한옥마을,374,4.390374331550802,4.2727272727272725,대표명소(붐빔+만족)
광안리해수욕장,327,4.6452599388379205,4.599388379204893,대표명소(붐빔+만족)
성심당 본점,320,4.51875,4.63125,대표명소(붐빔+만족)
첨성대,316,4.405063291139241,4.329113924050633,대표명소(붐빔+만족)
서귀포 매일 올레시장,302,4.301324503311259,4.152317880794702,과대평가(붐빔+불만)
속초관광수산시장,283,4.130742049469965,4.056537102473499,과대평가(붐빔+불만)
제주동문재래시장,277,4.274368231046932,4.20216606498195,과대평가(붐빔+불만)
곽지해수욕장,272,4.419117647058823,4.268382352941177,대표명소(붐빔+만족)
해운대해수욕장,268,4.522388059701493,4.526119402985074,대표명소(붐빔+만족)
대릉원,260,4.4423076923076925,4.196153846153846,대표명소(붐빔+만족)
섭지코지,258,4.4147286821705425,4.228682170542636,대표명소(붐빔+만족)
금오름,255,4.4941176470588236,4.313725490196078,대표명소(붐빔+만족)
우진해장국,248,4.330645161290323,4.129032258064516,과대평가(붐빔+불만)
천지연폭포,241,4.406639004149378,4.08298755186722,대표명소(붐빔+만족)
스누피가든,228,4.662280701754386,4.3201754385964914,대표명소(붐빔+만족)
김녕해수욕장,227,4.5506607929515415,4.466960352422907,대표명소(붐빔+만족)
한밭수목원,221,4.452488687782806,4.321266968325792,대표명소(붐빔+만족)
새별오름,221,4.461538461538462,4.199095022624435,대표명소(붐빔+만족)
금능해수욕장,221,4.5610859728506785,4.524886877828054,대표명소(붐빔+만족)
이호테우해수욕장,214,4.355140186915888,4.126168224299065,대표명소(붐빔+만족)
우도,214,4.579439252336448,4.4485981308411215,대표명소(붐빔+만족)
이순신광장,212,4.122641509433962,3.9764150943396226,과대평가(붐빔+불만)
속초해수욕장,208,4.389423076923077,4.302884615384615,대표명소(붐빔+만족)
강문해변,197,4.441624365482234,4.355329949238579,대표명소(붐빔+만족)
경기전,196,4.357142857142857,4.142857142857143,대표명소(붐빔+만족)
화성행궁,192,4.28125,4.020833333333333,과대평가(붐빔+불만)
단양구경시장,191,4.277486910994765,4.183246073298429,과대평가(붐빔+불만)
비자림,190,4.368421052631579,4.073684210526316,대표명소(붐빔+만족)
용머리해안,185,4.124324324324324,4.081081081081081,과대평가(붐빔+불만)
오설록티뮤지엄,185,4.059459459459459,3.881081081081081,과대평가(붐빔+불만)
사계해변,179,4.29608938547486,4.055865921787709,과대평가(붐빔+불만)
용두암,171,4.128654970760234,3.8771929824561404,과대평가(붐빔+불만)
정방폭포,166,4.403614457831325,4.13855421686747,대표명소(붐빔+만족)
황리단길,164,4.310975609756097,4.213414634146342,과대평가(붐빔+불만)
에버랜드,163,4.4969325153374236,4.484662576687117,대표명소(붐빔+만족)
월정교,161,4.565217391304348,4.434782608695652,대표명소(붐빔+만족)
카멜리아힐,153,4.379084967320262,4.143790849673203,대표명소(붐빔+만족)
9.81파크,151,4.52317880794702,4.28476821192053,대표명소(붐빔+만족)
중문색달해수욕장,149,4.275167785234899,4.087248322147651,과대평가(붐빔+불만)
불국사,148,4.4391891891891895,4.243243243243243,대표명소(붐빔+만족)
황련단길,147,4.340136054421769,4.244897959183674,과대평가(붐빔+불만)
오설록 티 뮤지엄,146,4.404109589041096,4.198630136986301,대표명소(붐빔+만족)
쇠소깍,146,4.239726027397261,3.993150684931507,과대평가(붐빔+불만)
경복궁,145,4.468965517241379,4.344827586206897,대표명소(붐빔+만족)
세화해변,144,4.548611111111111,4.354166666666667,대표명소(붐빔+만족)
대천해수욕장,144,4.569444444444445,4.486111111111111,대표명소(붐빔+만족)
오동도,142,4.352112676056338,4.070422535211268,대표명소(붐빔+만족)
경포해수욕장,135,4.511111111111111,4.45925925925926,대표명소(붐빔+만족)
전동성당,133,4.150375939849624,4.037593984962406,과대평가(붐빔+불만)
공산성,132,4.409090909090909,4.257575757575758,대표명소(붐빔+만족)
이성당 본점,130,4.253846153846154,4.084615384615384,과대평가(붐빔+불만)
사려니숲길,128,4.515625,4.3828125,대표명소(붐빔+만족)
동궁과월지,125,4.264,4.264,과대평가(붐빔+불만)
죽녹원,125,4.576,4.336,대표명소(붐빔+만족)
산굼부리,121,4.537190082644628,4.396694214876033,대표명소(붐빔+만족)
검멀레해변,118,4.406779661016949,4.271186440677966,대표명소(붐빔+만족)
강릉중앙시장,117,4.111111111111111,4.068376068376068,과대평가(붐빔+불만)
표선해수욕장,117,4.435897435897436,4.247863247863248,대표명소(붐빔+만족)
이호 테우해수욕장,117,4.230769230769231,4.094017094017094,과대평가(붐빔+불만)
국립경주박물관,117,4.666666666666667,4.410256410256411,대표명소(붐빔+만족)
만장굴,116,4.189655172413793,3.6206896551724137,과대평가(붐빔+불만)
도두봉,114,4.412280701754386,4.157894736842105,대표명소(붐빔+만족)
노형수퍼마켙,113,4.345132743362832,3.734513274336283,과대평가(붐빔+불만)
강릉 중앙시장,112,4.169642857142857,4.026785714285714,과대평가(붐빔+불만)
우무,109,4.238532110091743,3.8440366972477062,과대평가(붐빔+불만)
런던 베이글 뮤지엄 제주점,109,4.146788990825688,3.8623853211009176,과대평가(붐빔+불만)
오는정김밥,108,4.388888888888889,4.12962962962963,대표명소(붐빔+만족)
도두동무지개해안도로,107,4.373831775700935,4.02803738317757,대표명소(붐빔+만족)
허니문하우스,106,4.160377358490566,3.849056603773585,과대평가(붐빔+불만)
델문도,106,4.150943396226415,3.9622641509433962,과대평가(붐빔+불만)
아르떼뮤지엄 제주,106,4.339622641509434,3.7264150943396226,과대평가(붐빔+불만)
성이시돌목장,104,4.1923076923076925,3.7403846153846154,과대평가(붐빔+불만)
의림지,104,4.336538461538462,4.134615384615385,과대평가(붐빔+불만)
송도센트럴파크,103,4.533980582524272,4.407766990291262,대표명소(붐빔+만족)
인천차이나타운,103,4.213592233009709,3.9611650485436893,과대평가(붐빔+불만)
약천사,101,4.376237623762377,4.089108910891089,대표명소(붐빔+만족)
광치기해변,101,4.356435643564357,4.118811881188119,대표명소(붐빔+만족)
판포 포구,101,4.465346534653466,4.376237623762377,대표명소(붐빔+만족)
더현대서울,100,4.45,4.26,대표명소(붐빔+만족)
남이섬,99,4.505050505050505,4.424242424242424,대표명소(붐빔+만족)
동궁과 월지,99,4.494949494949495,4.494949494949495,대표명소(붐빔+만족)
한담해안산책로,98,4.5,4.438775510204081,대표명소(붐빔+만족)
순천만국가정원,96,4.59375,4.458333333333333,대표명소(붐빔+만족)
도두동 무지개 해안도로,95,4.473684210526316,4.2105263157894735,대표명소(붐빔+만족)
월정리해수욕장,95,4.5473684210526315,4.389473684210526,대표명소(붐빔+만족)
순천만습지,95,4.6421052631578945,4.473684210526316,대표명소(붐빔+만족)
국립중앙박물관,94,4.648936170212766,4.617021276595745,대표명소(붐빔+만족)
국립세종수목원,93,4.462365591397849,4.408602150537634,대표명소(붐빔+만족)
경주월드,92,4.532608695652174,4.510869565217392,대표명소(붐빔+만족)
행리단길,91,4.34065934065934,4.197802197802198,과대평가(붐빔+불만)
중문대포주상절리대,91,4.3076923076923075,3.912087912087912,과대평가(붐빔+불만)
새연교,91,4.0989010989010985,3.89010989010989,과대평가(붐빔+불만)
비밀의숲,91,4.285714285714286,3.8351648351648353,과대평가(붐빔+불만)
산방산탄산온천,90,4.466666666666667,4.288888888888889,대표명소(붐빔+만족)
영일대해수욕장,90,4.433333333333334,4.311111111111111,대표명소(붐빔+만족)
카페노티드 제주애월,90,4.222222222222222,3.988888888888889,과대평가(붐빔+불만)
안목해변,89,4.426966292134831,4.303370786516854,대표명소(붐빔+만족)
아쿠아플라넷 제주,89,4.50561797752809,4.247191011235955,대표명소(붐빔+만족)
이중섭거리,88,4.079545454545454,3.75,과대평가(붐빔+불만)
서울숲,88,4.6022727272727275,4.4772727272727275,대표명소(붐빔+만족)
두물머리,87,4.436781609195402,4.252873563218391,대표명소(붐빔+만족)
숙성도 노형점,87,4.402298850574713,4.310344827586207,대표명소(붐빔+만족)
아쿠아플라넷 여수,87,4.471264367816092,3.9885057471264367,대표명소(붐빔+만족)
원앤온리,87,4.32183908045977,3.9885057471264367,과대평가(붐빔+불만)
산방산,86,4.325581395348837,4.1976744186046515,과대평가(붐빔+불만)
청계천,86,4.435294117647059,4.411764705882353,대표명소(붐빔+만족)
천제연폭포,86,4.511627906976744,4.22093023255814,대표명소(붐빔+만족)
방화수류정,84,4.5476190476190474,4.357142857142857,대표명소(붐빔+만족)
광화문광장,83,4.493975903614458,4.253012048192771,대표명소(붐빔+만족)
낙산사,82,4.548780487804878,4.426829268292683,대표명소(붐빔+만족)
덕수궁,82,4.658536585365853,4.451219512195122,대표명소(붐빔+만족)
화담숲,81,4.604938271604938,4.592592592592593,대표명소(붐빔+만족)
아르떼 뮤지엄 제주,81,4.382716049382716,3.6790123456790123,대표명소(붐빔+만족)
대전시립미술관,79,4.227848101265823,3.8860759493670884,과대평가(붐빔+불만)
담양관방제림,79,4.556962025316456,4.443037974683544,대표명소(붐빔+만족)
성심당 DCC점,79,4.367088607594937,4.2784810126582276,대표명소(붐빔+만족)
영금정,79,4.493670886075949,4.189873417721519,대표명소(붐빔+만족)
광장시장,78,4.051282051282051,3.948717948717949,과대평가(붐빔+불만)
이마트 서귀포점,78,4.337662337662338,4.220779220779221,과대평가(붐빔+불만)
신세계백화점 센텀시티점,77,4.376623376623376,4.35064935064935,대표명소(붐빔+만족)
광한루원,77,4.558441558441558,4.441558441558442,대표명소(붐빔+만족)
퍼시픽리솜 더클리프카페&펍,76,4.078947368421052,4.026315789473684,과대평가(붐빔+불만)
더 현대 서울,76,4.355263157894737,4.328947368421052,대표명소(붐빔+만족)
해동용궁사,76,4.5,4.315789473684211,대표명소(붐빔+만족)
한라수목원,75,4.32,4.093333333333334,과대평가(붐빔+불만)
삼양해수욕장,75,4.373333333333333,4.16,대표명소(붐빔+만족)
여수해상케이블카,75,4.573333333333333,4.293333333333333,대표명소(붐빔+만족)
스타필드 하남,74,4.513513513513513,4.445945945945946,대표명소(붐빔+만족)
신화테마파크,74,4.094594594594595,3.9054054054054053,과대평가(붐빔+불만)
대전중앙시장,72,3.875,3.5833333333333335,과대평가(붐빔+불만)
신창풍차해안도로,71,4.591549295774648,4.380281690140845,대표명소(붐빔+만족)
진주성,70,4.642857142857143,4.4714285714285715,대표명소(붐빔+만족)
월정리 해수욕장,70,4.614285714285714,4.385714285714286,대표명소(붐빔+만족)
독립기념관,70,4.642857142857143,4.571428571428571,대표명소(붐빔+만족)
아베베 베이커리,70,4.428571428571429,4.314285714285714,대표명소(붐빔+만족)
경암동 철길마을,69,3.8550724637681157,3.36231884057971,과대평가(붐빔+불만)
서문시장,69,4.27536231884058,4.115942028985507,과대평가(붐빔+불만)
제주동문재래야시장,68,4.117647058823529,3.8970588235294117,과대평가(붐빔+불만)
석굴암,68,4.352941176470588,4.014705882352941,대표명소(붐빔+만족)
아침미소목장,67,4.552238805970149,4.402985074626866,대표명소(붐빔+만족)
흰여울문화마을,66,4.515151515151516,4.287878787878788,대표명소(붐빔+만족)
성심당 케이크 부티크,66,4.666666666666667,4.636363636363637,대표명소(붐빔+만족)
오목대,66,4.090909090909091,3.757575757575758,과대평가(붐빔+불만)
향일암,66,4.5,4.348484848484849,대표명소(붐빔+만족)
채석강,66,4.4393939393939394,4.333333333333333,대표명소(붐빔+만족)
절물자연휴양림,65,4.492307692307692,4.4,대표명소(붐빔+만족)
메타세쿼이아 가로수길,65,4.323076923076923,4.092307692307692,과대평가(붐빔+불만)
파리바게뜨 제주공항렌터카하우스점,65,4.323076923076923,4.276923076923077,과대평가(붐빔+불만)
청와대 본관,65,4.230769230769231,3.8153846153846156,과대평가(붐빔+불만)
여의도한강공원,65,4.523076923076923,4.476923076923077,대표명소(붐빔+만족)
한국도로공사 전주수목원,65,4.507692307692308,4.338461538461538,대표명소(붐빔+만족)
군산근대역사박물관,65,3.9692307692307693,3.6923076923076925,과대평가(붐빔+불만)
비밀의 숲,64,4.625,4.375,대표명소(붐빔+만족)
송정해수욕장,64,4.421875,4.4375,대표명소(붐빔+만족)
국립아시아문화전당,63,4.4603174603174605,4.476190476190476,대표명소(붐빔+만족)
엑스포과학공원 한빛탑,63,4.365079365079365,4.222222222222222,대표명소(붐빔+만족)
송악산둘레길,63,4.603174603174603,4.428571428571429,대표명소(붐빔+만족)
에코랜드테마파크,63,4.333333333333333,3.9682539682539684,과대평가(붐빔+불만)
방주교회,63,4.380952380952381,4.015873015873016,대표명소(붐빔+만족)
외돌개,63,4.396825396825397,4.238095238095238,대표명소(붐빔+만족)
베테랑,63,4.190476190476191,3.857142857142857,과대평가(붐빔+불만)
수원화성,62,4.467741935483871,4.467741935483871,대표명소(붐빔+만족)
송악산,62,4.548387096774194,4.451612903225806,대표명소(붐빔+만족)
안목 해변,61,4.622950819672131,4.655737704918033,대표명소(붐빔+만족)
자매국수 본점,61,4.163934426229508,3.7704918032786887,과대평가(붐빔+불만)
국립현대미술관 서울관,61,4.590163934426229,4.491803278688525,대표명소(붐빔+만족)
월미도,61,4.39344262295082,4.295081967213115,대표명소(붐빔+만족)
한림공원,61,4.360655737704918,4.065573770491803,대표명소(붐빔+만족)
혼인지,61,4.459016393442623,4.360655737704918,대표명소(붐빔+만족)
신세계백화점 대구점,61,4.377049180327869,4.426229508196721,대표명소(붐빔+만족)
속초아이,61,4.295081967213115,3.8852459016393444,과대평가(붐빔+불만)
올래국수 본점,60,4.45,4.233333333333333,대표명소(붐빔+만족)
하멜등대,60,4.216666666666667,3.816666666666667,과대평가(붐빔+불만)
롯데월드,60,4.383333333333334,4.25,대표명소(붐빔+만족)
스타필드 고양,60,4.45,4.383333333333334,대표명소(붐빔+만족)
초원 사진관,60,3.9,3.55,과대평가(붐빔+불만)
제주관광공사 지정면세점,60,3.9833333333333334,3.783333333333333,과대평가(붐빔+불만)
신포국제시장,60,3.8666666666666667,3.816666666666667,과대평가(붐빔+불만)
랜디스도넛 제주애월점,59,4.203389830508475,4.0,과대평가(붐빔+불만)
밀란 더 마켓,59,4.271186440677966,3.9661016949152543,과대평가(붐빔+불만)
이중섭미술관,59,4.271186440677966,4.101694915254237,과대평가(붐빔+불만)
수성못,59,4.169491525423729,4.169491525423729,과대평가(붐빔+불만)
이마트 신제주점,59,4.101694915254237,3.9322033898305087,과대평가(붐빔+불만)
오죽헌,58,4.379310344827586,4.0344827586206895,대표명소(붐빔+만족)
전주동물원,58,4.310344827586207,4.206896551724138,과대평가(붐빔+불만)
전주덕진공원,58,4.637931034482759,4.327586206896552,대표명소(붐빔+만족)
제주동문재래 야시장,58,4.172413793103448,4.068965517241379,과대평가(붐빔+불만)
수목원길야시장,58,4.017241379310345,3.793103448275862,과대평가(붐빔+불만)
서귀피안베이커리,58,4.310344827586207,4.258620689655173,과대평가(붐빔+불만)
목포근대역사관 1관,58,4.155172413793103,3.8448275862068964,과대평가(붐빔+불만)
숙성도 함덕점,57,4.684210526315789,4.456140350877193,대표명소(붐빔+만족)
경포호,57,4.368421052631579,4.333333333333333,대표명소(붐빔+만족)
선유도해수욕장,57,4.228070175438597,4.105263157894737,과대평가(붐빔+불만)
코엑스,57,4.491228070175438,4.350877192982456,대표명소(붐빔+만족)
동국사,57,3.7017543859649122,3.5789473684210527,과대평가(붐빔+불만)
아베베베이커리,57,4.315789473684211,4.12280701754386,과대평가(붐빔+불만)
성심당 대전역점,56,4.428571428571429,4.428571428571429,대표명소(붐빔+만족)
이응노미술관,56,4.178571428571429,3.9107142857142856,과대평가(붐빔+불만)
고수동굴,56,3.9464285714285716,3.4642857142857144,과대평가(붐빔+불만)
제주현대미술관,56,4.607142857142857,4.535714285714286,대표명소(붐빔+만족)
은파호수공원,56,4.375,4.160714285714286,대표명소(붐빔+만족)
빛의 벙커,56,4.428571428571429,4.071428571428571,대표명소(붐빔+만족)
궁남지,55,4.381818181818182,4.3090909090909095,대표명소(붐빔+만족)
보문사,55,4.109090909090909,4.054545454545455,과대평가(붐빔+불만)
해녀박물관,55,4.236363636363636,3.8727272727272726,과대평가(붐빔+불만)
숙성도 중문점,55,4.5636363636363635,4.418181818181818,대표명소(붐빔+만족)
아쿠아 플라넷 제주,55,4.581818181818182,4.418181818181818,대표명소(붐빔+만족)
예산 상설시장,55,4.163636363636364,3.909090909090909,과대평가(붐빔+불만)
흰 여울 문화마을,55,4.290909090909091,4.163636363636364,과대평가(붐빔+불만)
인천 차이나타운,54,4.203703703703703,4.074074074074074,과대평가(붐빔+불만)
월영교,54,4.592592592592593,4.388888888888889,대표명소(붐빔+만족)
한국민속촌,54,4.5,4.462962962962963,대표명소(붐빔+만족)
석촌호수 동호,54,4.481481481481482,4.481481481481482,대표명소(붐빔+만족)
드르쿰다in성산,53,4.169811320754717,3.9245283018867925,과대평가(붐빔+불만)
동대문디자인플라자,53,4.3584905660377355,4.188679245283019,대표명소(붐빔+만족)
동막해수욕장,53,3.9622641509433962,3.7169811320754715,과대평가(붐빔+불만)
새빌,53,3.981132075471698,3.7358490566037736,과대평가(붐빔+불만)
만천하스카이워크,53,4.264150943396227,4.018867924528302,과대평가(붐빔+불만)
자매 국수,53,4.452830188679245,4.377358490566038,대표명소(붐빔+만족)
아르떼 뮤지엄 강릉,52,4.634615384615385,3.980769230769231,대표명소(붐빔+만족)
매미성,52,4.269230769230769,3.8653846153846154,과대평가(붐빔+불만)
현대프리미엄아울렛 송도점,52,4.346153846153846,4.1923076923076925,과대평가(붐빔+불만)
국립부여박물관,52,4.634615384615385,4.4423076923076925,대표명소(붐빔+만족)
국립제주박물관,52,4.576923076923077,4.096153846153846,대표명소(붐빔+만족)
목포 갓바위,52,4.0,3.6346153846153846,과대평가(붐빔+불만)
도담삼봉,52,4.269230769230769,4.115384615384615,과대평가(붐빔+불만)
유동커피,51,4.333333333333333,4.137254901960785,과대평가(붐빔+불만)
해운대블루라인파크 미포정거장,51,4.392156862745098,4.117647058823529,대표명소(붐빔+만족)
지린성,51,3.843137254901961,3.2745098039215685,과대평가(붐빔+불만)
캐리비안베이,51,4.411764705882353,4.450980392156863,대표명소(붐빔+만족)
비양도,51,4.294117647058823,3.9411764705882355,과대평가(붐빔+불만)
스타벅스 제주함덕점,51,4.215686274509804,4.176470588235294,과대평가(붐빔+불만)
등대해수욕장,51,4.392156862745098,4.117647058823529,대표명소(붐빔+만족)
순천만 국가정원,50,4.56,4.38,대표명소(붐빔+만족)
진포해양테마공원,50,4.02,3.64,과대평가(붐빔+불만)
꽃지해수욕장,50,4.44,4.5,대표명소(붐빔+만족)
바이 제주,50,4.38,4.16,대표명소(붐빔+만족)
환호공원 스페이스 워크,50,4.06,3.74,과대평가(붐빔+불만)
오드랑베이커리,50,4.46,4.34,대표명소(붐빔+만족)
명동거리,49,3.979591836734694,3.9591836734693877,과대평가(붐빔+불만)
제주레일바이크,49,4.387755102040816,4.040816326530612,대표명소(붐빔+만족)
목장카페드르쿰다,49,4.224489795918367,4.040816326530612,과대평가(붐빔+불만)
롯데월드타워&롯데월드몰,49,4.469387755102041,4.387755102040816,대표명소(붐빔+만족)
남원큰엉해변,49,4.408163265306122,4.163265306122449,대표명소(붐빔+만족)
무령왕릉,48,4.041666666666667,3.625,과대평가(붐빔+불만)
엑스포과학공원,48,4.333333333333333,4.0625,과대평가(붐빔+불만)
전등사,48,4.25,4.041666666666667,과대평가(붐빔+불만)
경암동철길마을,48,3.8958333333333335,3.4791666666666665,과대평가(붐빔+불만)
평화광장,48,4.3125,4.208333333333333,과대평가(붐빔+불만)
진주남강유등축제,48,4.458333333333333,4.125,대표명소(붐빔+만족)
제주아트서커스,48,4.4375,4.0,대표명소(붐빔+만족)
태화강국가정원,48,4.479166666666667,4.583333333333333,대표명소(붐빔+만족)
서빈백사,48,4.5625,4.395833333333333,대표명소(붐빔+만족)
여수 해상 케이블카,48,4.479166666666667,4.229166666666667,대표명소(붐빔+만족)
이호테우등대,47,4.404255319148936,4.127659574468085,대표명소(붐빔+만족)
용연계곡,47,4.191489361702128,3.872340425531915,과대평가(붐빔+불만)
남산공원 N서울타워,47,4.276595744680851,4.042553191489362,과대평가(붐빔+불만)
산양큰엉곶,47,4.191489361702128,3.9148936170212765,과대평가(붐빔+불만)
윈드1947카트테마파크,47,4.170212765957447,4.0638297872340425,과대평가(붐빔+불만)
광치기 해변,47,4.425531914893617,4.23404255319149,대표명소(붐빔+만족)
삼무국수,47,4.191489361702128,3.872340425531915,과대평가(붐빔+불만)
대전신세계 아트앤사이언스,47,4.382978723404255,4.297872340425532,대표명소(붐빔+만족)
월미테마파크,47,4.0638297872340425,3.765957446808511,과대평가(붐빔+불만)
성심당 문화원,47,4.425531914893617,4.25531914893617,대표명소(붐빔+만족)
한담해변,47,4.468085106382978,4.382978723404255,대표명소(붐빔+만족)
메타프로방스,47,3.723404255319149,3.4468085106382977,과대평가(붐빔+불만)
롯데몰 김포공항점,47,4.127659574468085,4.0212765957446805,과대평가(붐빔+불만)
장안문,47,4.446808510638298,4.297872340425532,대표명소(붐빔+만족)
한담 해안산책로,47,4.48936170212766,4.276595744680851,대표명소(붐빔+만족)
루나폴,47,4.574468085106383,4.0638297872340425,대표명소(붐빔+만족)
호미곶,47,4.319148936170213,4.1063829787234045,과대평가(붐빔+불만)
이케아 광명점,46,4.444444444444445,4.4222222222222225,대표명소(붐빔+만족)
제주민속촌,46,4.1521739130434785,3.760869565217391,과대평가(붐빔+불만)
자갈치시장,46,3.869565217391304,3.760869565217391,과대평가(붐빔+불만)
부평깡통시장,46,4.239130434782608,4.021739130434782,과대평가(붐빔+불만)
이케아 동부산점,46,4.5,4.434782608695652,대표명소(붐빔+만족)
빽다방베이커리 제주사수점,46,4.543478260869565,4.391304347826087,대표명소(붐빔+만족)
창경궁,46,4.543478260869565,4.5,대표명소(붐빔+만족)
담양 관방제림,45,4.555555555555555,4.355555555555555,대표명소(붐빔+만족)
대왕암공원,45,4.6,4.555555555555555,대표명소(붐빔+만족)
현충사,45,4.511111111111111,4.311111111111111,대표명소(붐빔+만족)
국제시장,45,3.888888888888889,3.6222222222222222,과대평가(붐빔+불만)
서귀포치유의숲,45,4.444444444444445,4.066666666666666,대표명소(붐빔+만족)
뽈살집 제주본점,45,4.5777777777777775,4.377777777777778,대표명소(붐빔+만족)
애월카페거리,45,4.4,4.2444444444444445,대표명소(붐빔+만족)
가파도,45,4.488888888888889,4.133333333333334,대표명소(붐빔+만족)
한라산국립공원,45,4.822222222222222,4.488888888888889,대표명소(붐빔+만족)
전주왱이콩나물국밥전문점,45,4.444444444444445,4.155555555555556,대표명소(붐빔+만족)
신흥동일본식가옥,45,4.111111111111111,3.7777777777777777,과대평가(붐빔+불만)
카페감자밭 본점,45,4.4222222222222225,4.2444444444444445,대표명소(붐빔+만족)
미영이네식당,44,4.613636363636363,4.431818181818182,대표명소(붐빔+만족)
만리포해수욕장,44,4.704545454545454,4.431818181818182,대표명소(붐빔+만족)
효원공원 월화원,44,4.295454545454546,4.090909090909091,과대평가(붐빔+불만)
교촌마을,44,4.090909090909091,3.75,과대평가(붐빔+불만)
신흥동 일본식 가옥,44,3.840909090909091,3.409090909090909,과대평가(붐빔+불만)
전주 덕진공원,44,4.7727272727272725,4.704545454545454,대표명소(붐빔+만족)
훈데르트바서파크,44,4.0,3.590909090909091,과대평가(붐빔+불만)
롯데월드타워,44,4.348837209302325,4.162790697674419,과대평가(붐빔+불만)
문도지오름,44,4.568181818181818,4.340909090909091,대표명소(붐빔+만족)
올림픽공원,44,4.454545454545454,4.363636363636363,대표명소(붐빔+만족)
자라섬,44,4.386363636363637,4.159090909090909,대표명소(붐빔+만족)
포천아트밸리,44,4.045454545454546,3.6363636363636362,과대평가(붐빔+불만)
환호공원 스페이스워크,44,4.2272727272727275,3.8636363636363638,과대평가(붐빔+불만)
원조태평소국밥,44,4.454545454545454,4.363636363636363,대표명소(붐빔+만족)
행원 해변,44,4.636363636363637,4.590909090909091,대표명소(붐빔+만족)
카페산,44,4.4772727272727275,4.431818181818182,대표명소(붐빔+만족)
닭머르,44,4.5227272727272725,4.2272727272727275,대표명소(붐빔+만족)
롯데백화점 부산본점,44,4.159090909090909,4.25,과대평가(붐빔+불만)
하고수동해변,44,4.363636363636363,4.2727272727272725,대표명소(붐빔+만족)
대전 신세계 아트앤사이언스,43,4.465116279069767,4.186046511627907,대표명소(붐빔+만족)
스타필드 코엑스몰,43,4.255813953488372,4.27906976744186,과대평가(붐빔+불만)
마시랑게,43,4.3023255813953485,4.162790697674419,과대평가(붐빔+불만)
제주곶자왈도립공원,43,4.372093023255814,4.348837209302325,대표명소(붐빔+만족)
신창 풍차 해안도로,43,4.534883720930233,4.465116279069767,대표명소(붐빔+만족)
창덕궁,43,4.488372093023256,4.4186046511627906,대표명소(붐빔+만족)
바이제주,43,4.395348837209302,4.093023255813954,대표명소(붐빔+만족)
일산호수공원,42,4.5,4.4523809523809526,대표명소(붐빔+만족)
스타벅스 제주협재점,42,4.404761904761905,4.119047619047619,대표명소(붐빔+만족)
랜디스 도넛 제주 애월점,42,4.238095238095238,3.9523809523809526,과대평가(붐빔+불만)
간절곶,42,4.4523809523809526,4.214285714285714,대표명소(붐빔+만족)
마노르블랑,42,4.285714285714286,4.071428571428571,과대평가(붐빔+불만)
조점례남문피순대,42,4.023809523809524,3.857142857142857,과대평가(붐빔+불만)
항파두리 항몽유적지,42,4.261904761904762,3.9047619047619047,과대평가(붐빔+불만)
코롬방제과점,42,4.238095238095238,4.190476190476191,과대평가(붐빔+불만)
송정해변,42,4.285714285714286,4.166666666666667,과대평가(붐빔+불만)
한라산국립공원 성판악탐방로,42,4.523809523809524,4.166666666666667,대표명소(붐빔+만족)
동화가든 본점,42,4.214285714285714,3.7142857142857144,과대평가(붐빔+불만)
피즈,42,4.5,4.333333333333333,대표명소(붐빔+만족)
단양강잔도,41,4.536585365853658,4.2439024390243905,대표명소(붐빔+만족)
점점,41,4.2682926829268295,3.8292682926829267,과대평가(붐빔+불만)
롯데렌터카 제주오토하우스지점,41,4.375,4.35,대표명소(붐빔+만족)
코난해변,41,4.634146341463414,4.536585365853658,대표명소(붐빔+만족)
아르떼 뮤지엄 여수,41,4.682926829268292,4.024390243902439,대표명소(붐빔+만족)
돌산공원,41,4.195121951219512,3.902439024390244,과대평가(붐빔+불만)
북촌한옥마을,41,4.219512195121951,3.975609756097561,과대평가(붐빔+불만)
광교호수공원,41,4.390243902439025,4.317073170731708,대표명소(붐빔+만족)
황우지선녀탕,41,4.0,3.8780487804878048,과대평가(붐빔+불만)
빌리카,41,4.317073170731708,4.219512195121951,과대평가(붐빔+불만)
아르떼뮤지엄 강릉,40,4.575,4.075,대표명소(붐빔+만족)
신세계백화점 강남점,40,4.4,4.25,대표명소(붐빔+만족)
신화 테마파크,40,3.95,3.7,과대평가(붐빔+불만)
블루보틀 제주 카페,40,4.45,4.15,대표명소(붐빔+만족)
비발디파크 오션월드,40,4.525,4.55,대표명소(붐빔+만족)
지중해마을,40,3.625,3.175,과대평가(붐빔+불만)
해미읍성,40,4.55,4.275,대표명소(붐빔+만족)
블랑로쉐,40,4.425,4.275,대표명소(붐빔+만족)
마라도,40,4.275,4.025,과대평가(붐빔+불만)
청남대,40,4.45,4.275,대표명소(붐빔+만족)
더마파크,40,4.6,4.225,대표명소(붐빔+만족)
하슬라아트월드,39,4.435897435897436,3.7435897435897436,대표명소(붐빔+만족)
롯데월드타워 롯데월드몰,39,4.205128205128205,4.17948717948718,과대평가(붐빔+불만)
문경새재도립공원,39,4.743589743589744,4.512820512820513,대표명소(붐빔+만족)
현대 프리미엄 아울렛 송도점,39,4.564102564102564,4.538461538461538,대표명소(붐빔+만족)
속초 아이,39,4.3076923076923075,3.923076923076923,과대평가(붐빔+불만)
휴애리자연생활공원,39,4.230769230769231,3.923076923076923,과대평가(붐빔+불만)
테라로사 서귀포점,38,4.5,4.2105263157894735,대표명소(붐빔+만족)
도째비골스카이밸리,38,4.2368421052631575,4.105263157894737,과대평가(붐빔+불만)
베이커리밤마을,38,4.2105263157894735,4.0,과대평가(붐빔+불만)
초원사진관,38,4.2105263157894735,3.736842105263158,과대평가(붐빔+불만)
전주향교,38,4.078947368421052,3.763157894736842,과대평가(붐빔+불만)
구룡포 일본인 가옥거리,38,4.2105263157894735,3.9210526315789473,과대평가(붐빔+불만)
국립 중앙과학관,38,4.368421052631579,4.2368421052631575,대표명소(붐빔+만족)
포도뮤지엄,38,4.526315789473684,4.394736842105263,대표명소(붐빔+만족)
원 앤 온리,38,4.394736842105263,4.184210526315789,대표명소(붐빔+만족)
죽도시장,37,4.0,4.0,과대평가(붐빔+불만)
연돈,37,4.4324324324324325,4.162162162162162,대표명소(붐빔+만족)
국립현대미술관 청주,37,4.351351351351352,4.135135135135135,대표명소(붐빔+만족)
SK렌터카 제주지점,37,4.542857142857143,4.6,대표명소(붐빔+만족)
스타벅스 제주용담DT점,37,4.45945945945946,4.1891891891891895,대표명소(붐빔+만족)
보롬왓,37,4.243243243243243,4.297297297297297,과대평가(붐빔+불만)
오씨칼국수,37,4.27027027027027,3.972972972972973,과대평가(붐빔+불만)
쇠소깍관광지,36,4.333333333333333,3.75,과대평가(붐빔+불만)
모이핀,36,4.333333333333333,4.194444444444445,과대평가(붐빔+불만)
메이즈랜드,36,4.166666666666667,3.5,과대평가(붐빔+불만)
만천하 스카이워크,36,4.361111111111111,4.055555555555555,대표명소(붐빔+만족)
변산해수욕장,36,4.472222222222222,4.361111111111111,대표명소(붐빔+만족)
수목원길 야시장,36,3.9444444444444446,3.4166666666666665,과대평가(붐빔+불만)
제주시새우리 제주점,36,4.222222222222222,4.0,과대평가(붐빔+불만)
현대백화점 판교점,36,4.277777777777778,4.111111111111111,과대평가(붐빔+불만)
가시아방국수,36,4.277777777777778,3.9722222222222223,과대평가(붐빔+불만)
김녕오라이,36,4.5,4.388888888888889,대표명소(붐빔+만족)
부평 깡통시장,36,4.0,4.0,과대평가(붐빔+불만)
교보문고 광화문점,35,4.4,4.3428571428571425,대표명소(붐빔+만족)
관음사,35,4.4,4.228571428571429,대표명소(붐빔+만족)
헤이리 예술마을,35,4.285714285714286,3.914285714285714,과대평가(붐빔+불만)
산정호수,35,4.314285714285714,3.942857142857143,과대평가(붐빔+불만)
산방산 탄산온천,35,4.457142857142857,4.314285714285714,대표명소(붐빔+만족)
우무 2호점,35,4.371428571428571,3.914285714285714,대표명소(붐빔+만족)
신창풍차해안,35,4.257142857142857,4.114285714285714,과대평가(붐빔+불만)
롯데 프리미엄 아웃렛 동부산점,35,4.428571428571429,4.4,대표명소(붐빔+만족)
아르떼뮤지엄 여수,35,4.428571428571429,3.8285714285714287,대표명소(붐빔+만족)
여미지식물원,35,4.257142857142857,3.8285714285714287,과대평가(붐빔+불만)
황산공원,35,4.571428571428571,4.4,대표명소(붐빔+만족)
석촌호수 서호,35,4.6,4.4,대표명소(붐빔+만족)
소옥,34,4.088235294117647,3.6176470588235294,과대평가(붐빔+불만)
여수낭만포차거리,34,3.823529411764706,3.588235294117647,과대평가(붐빔+불만)
상효원수목원,34,4.4411764705882355,3.9705882352941178,대표명소(붐빔+만족)
원앙폭포,34,4.411764705882353,4.235294117647059,대표명소(붐빔+만족)
여수당,34,4.205882352941177,3.911764705882353,과대평가(붐빔+불만)
카페글렌코,34,4.264705882352941,4.147058823529412,과대평가(붐빔+불만)
우무 제주시점,34,4.235294117647059,3.8529411764705883,과대평가(붐빔+불만)
공주한옥마을,34,4.117647058823529,3.764705882352941,과대평가(붐빔+불만)
순천드라마촬영장,34,4.264705882352941,3.9411764705882355,과대평가(붐빔+불만)
논골담길,34,4.323529411764706,4.117647058823529,과대평가(붐빔+불만)
현대 프리미엄 아울렛 김포점,34,4.470588235294118,4.529411764705882,대표명소(붐빔+만족)
청굴물,34,4.617647058823529,4.5,대표명소(붐빔+만족)
서피비치,34,4.323529411764706,4.205882352941177,과대평가(붐빔+불만)
서우봉,34,4.529411764705882,4.294117647058823,대표명소(붐빔+만족)
제주항공우주박물관,34,4.088235294117647,3.588235294117647,과대평가(붐빔+불만)
안동하회마을,33,4.2727272727272725,3.696969696969697,과대평가(붐빔+불만)
전주 남부시장 한옥마을 야시장,33,4.121212121212121,3.9696969696969697,과대평가(붐빔+불만)
파더스가든,33,4.2727272727272725,3.757575757575758,과대평가(붐빔+불만)
이마트 제주점,33,4.212121212121212,4.0606060606060606,과대평가(붐빔+불만)
메타 프로방스,33,3.9696969696969697,3.878787878787879,과대평가(붐빔+불만)
수월봉,33,4.454545454545454,4.303030303030303,대표명소(붐빔+만족)
에코랜드 테마파크,33,4.696969696969697,4.515151515151516,대표명소(붐빔+만족)
타임스퀘어,33,4.242424242424242,4.181818181818182,과대평가(붐빔+불만)
탑동광장,33,4.0606060606060606,3.787878787878788,과대평가(붐빔+불만)
군산근대미술관,33,3.8484848484848486,3.3636363636363638,과대평가(붐빔+불만)
영남루,33,4.454545454545454,4.090909090909091,대표명소(붐빔+만족)
헤이리예술마을,33,4.303030303030303,4.090909090909091,과대평가(붐빔+불만)
소천지,33,4.121212121212121,4.151515151515151,과대평가(붐빔+불만)
유성온천공원 족욕체험장,33,4.303030303030303,4.121212121212121,과대평가(붐빔+불만)
제주목 관아,33,4.333333333333333,3.787878787878788,과대평가(붐빔+불만)
광명동굴,33,4.333333333333333,3.9696969696969697,과대평가(붐빔+불만)
세종 호수공원,33,4.2727272727272725,4.363636363636363,과대평가(붐빔+불만)
아이파크몰 용산점,33,4.181818181818182,4.2727272727272725,과대평가(붐빔+불만)
더클리프,33,4.393939393939394,4.090909090909091,대표명소(붐빔+만족)
올레길 7코스(서귀포-월평 올레),33,4.454545454545454,4.212121212121212,대표명소(붐빔+만족)
소양강스카이워크,33,3.757575757575758,3.3636363636363638,과대평가(붐빔+불만)
을왕리해수욕장,33,4.363636363636363,4.181818181818182,대표명소(붐빔+만족)
미쁜제과,33,4.242424242424242,4.0606060606060606,과대평가(붐빔+불만)
이니스프리 제주하우스,33,4.333333333333333,3.909090909090909,과대평가(붐빔+불만)
아부오름,33,4.454545454545454,3.787878787878788,대표명소(붐빔+만족)
제스토리,33,4.181818181818182,3.757575757575758,과대평가(붐빔+불만)
연미정,33,4.333333333333333,3.8484848484848486,과대평가(붐빔+불만)
화조원,33,4.333333333333333,4.0606060606060606,과대평가(붐빔+불만)
엉또폭포,32,4.125,4.03125,과대평가(붐빔+불만)
죽도 시장,32,4.28125,4.25,과대평가(붐빔+불만)
새별 오름,32,4.34375,4.3125,과대평가(붐빔+불만)
롯데월드 어드벤처 부산,32,4.1875,3.6875,과대평가(붐빔+불만)
강릉 월화 거리,32,4.09375,3.8125,과대평가(붐빔+불만)
도담삼봉관광지,32,4.0625,3.78125,과대평가(붐빔+불만)
스타벅스 성산일출봉점,32,4.21875,3.96875,과대평가(붐빔+불만)
선유도,32,4.1875,4.125,과대평가(붐빔+불만)
KTG 상상마당 부산,32,4.4375,3.9375,대표명소(붐빔+만족)
카페진정성 종점,32,4.21875,3.90625,과대평가(붐빔+불만)
순이네 밥상,32,4.34375,3.875,과대평가(붐빔+불만)
수원화성 화홍문,32,4.4375,4.1875,대표명소(붐빔+만족)
신세계프리미엄아울렛 여주,32,4.28125,4.40625,과대평가(붐빔+불만)
신양섭지해수욕장,32,3.875,3.8125,과대평가(붐빔+불만)
뮤지엄 산,32,4.59375,4.28125,대표명소(붐빔+만족)
내장산국립공원,32,4.34375,4.28125,과대평가(붐빔+불만)
만성리 검은 모래해변,32,4.25,4.0,과대평가(붐빔+불만)
도째비골해랑전망대,31,4.0,3.7096774193548385,과대평가(붐빔+불만)
풍년제과 본점,31,4.451612903225806,4.258064516129032,대표명소(붐빔+만족)
아침고요수목원,31,4.67741935483871,4.419354838709677,대표명소(붐빔+만족)
돌염전,31,3.870967741935484,3.6451612903225805,과대평가(붐빔+불만)
디앤디파트먼트 제주,31,3.967741935483871,3.5161290322580645,과대평가(붐빔+불만)
도두몰,31,4.0,3.5483870967741935,과대평가(붐빔+불만)
신세계사이먼 제주프리미엄전문점,31,3.806451612903226,3.838709677419355,과대평가(붐빔+불만)
안도라,31,3.967741935483871,3.5483870967741935,과대평가(붐빔+불만)
다대포해수욕장,31,4.67741935483871,4.612903225806452,대표명소(붐빔+만족)
한화생명 이글스 파크,31,4.741935483870968,4.645161290322581,대표명소(붐빔+만족)
삽교호 놀이동산,31,4.225806451612903,3.806451612903226,과대평가(붐빔+불만)
마곡사,31,4.161290322580645,4.32258064516129,과대평가(붐빔+불만)
명동게장,31,4.580645161290323,4.290322580645161,대표명소(붐빔+만족)
중문 대표 주상절리대,31,4.0,4.0,과대평가(붐빔+불만)
휴일로,31,4.580645161290323,4.419354838709677,대표명소(붐빔+만족)
조아렌트카,31,4.1,3.933333333333333,과대평가(붐빔+불만)
월정사,31,4.387096774193548,4.32258064516129,대표명소(붐빔+만족)
외암민속마을,31,4.32258064516129,4.064516129032258,과대평가(붐빔+불만)
제주항공 우주 박물관,31,4.612903225806452,4.419354838709677,대표명소(붐빔+만족)
와흘메밀농촌체험휴양마을,31,4.483870967741935,4.354838709677419,대표명소(붐빔+만족)
제주성읍마을,31,4.129032258064516,3.935483870967742,과대평가(붐빔+불만)
유월드루지테마파크,31,4.580645161290323,4.032258064516129,대표명소(붐빔+만족)
세종호수공원,31,4.612903225806452,4.483870967741935,대표명소(붐빔+만족)
을왕리 해수욕장,31,4.258064516129032,3.935483870967742,과대평가(붐빔+불만)
영랑호,31,4.451612903225806,4.193548387096774,대표명소(붐빔+만족)
무로이,31,4.064516129032258,3.6129032258064515,과대평가(붐빔+불만)
연동,31,4.161290322580645,3.806451612903226,과대평가(붐빔+불만)
스타벅스 제주성산DT점,31,4.516129032258065,4.32258064516129,대표명소(붐빔+만족)
수원시립미술관,31,4.548387096774194,4.387096774193548,대표명소(붐빔+만족)
스타벅스 제주 함덕점,31,4.290322580645161,4.354838709677419,과대평가(붐빔+불만)
만성리검은모래해변,31,4.0,3.5806451612903225,과대평가(붐빔+불만)
여수 낭만포차 거리,31,4.258064516129032,4.193548387096774,과대평가(붐빔+불만)
테라로사 경포호수점,31,4.516129032258065,4.161290322580645,대표명소(붐빔+만족)
스타벅스 서귀포올레점,31,4.419354838709677,4.193548387096774,대표명소(붐빔+만족)
스타벅스 제주 서해안로 DT점 주차장,31,4.548387096774194,4.451612903225806,대표명소(붐빔+만족)
국립공주박물관,30,4.4,3.933333333333333,숨은명소(한적+만족)
허브아일랜드,30,4.133333333333334,3.7666666666666666,평범(한적+불만)
우도산호해변,30,4.466666666666667,4.533333333333333,숨은명소(한적+만족)
애월농협하나로마트,30,4.066666666666666,4.0,평범(한적+불만)
용두산공원,30,3.966666666666667,3.6666666666666665,평범(한적+불만)
현대프리미엄아울렛 김포점,30,4.133333333333334,4.066666666666666,평범(한적+불만)
해운대 블루라인파크 미포 정거장,30,4.233333333333333,4.1,평범(한적+불만)
국립공주 박물관,30,4.333333333333333,4.0,평범(한적+불만)
관덕정,30,4.2,3.7666666666666666,평범(한적+불만)
노티스 제주,30,4.4,4.166666666666667,숨은명소(한적+만족)
안도르,30,4.4,4.133333333333334,숨은명소(한적+만족)
어영공원,30,4.566666666666666,4.3,숨은명소(한적+만족)
국립생태원,30,4.733333333333333,4.666666666666667,숨은명소(한적+만족)
자만벽화마을,30,3.966666666666667,3.6333333333333333,평범(한적+불만)
수로왕릉,30,4.233333333333333,4.0,평범(한적+불만)
인구해변,30,4.233333333333333,3.966666666666667,평범(한적+불만)
뚜쥬루 돌가마점,30,4.6,4.566666666666666,숨은명소(한적+만족)
법주사,30,4.4,4.233333333333333,숨은명소(한적+만족)
서울대공원,30,4.466666666666667,4.466666666666667,숨은명소(한적+만족)
프롬나드,30,4.566666666666666,4.433333333333334,숨은명소(한적+만족)
임진각 평화누리,30,4.233333333333333,4.133333333333334,평범(한적+불만)
쉼표,30,4.3,3.933333333333333,평범(한적+불만)
청풍호반케이블카 물태리역,30,4.6,4.433333333333334,숨은명소(한적+만족)
하라케케,30,4.733333333333333,4.566666666666666,숨은명소(한적+만족)
스타벅스 제주 협재점,30,4.566666666666666,4.333333333333333,숨은명소(한적+만족)
목포 해상 케이블카 북항 승강장,30,4.766666666666667,4.333333333333333,숨은명소(한적+만족)
갤러리아백화점 광교점,29,4.137931034482759,4.172413793103448,평범(한적+불만)
강촌레일파크 김유정역,29,4.620689655172414,4.344827586206897,숨은명소(한적+만족)
김녕미로공원,29,4.310344827586207,3.9310344827586206,평범(한적+불만)
전주식당,29,3.6551724137931036,3.4482758620689653,평범(한적+불만)
양양전통시장,29,3.896551724137931,3.7586206896551726,평범(한적+불만)
경포대,29,4.551724137931035,4.413793103448276,숨은명소(한적+만족)
귤귤스토어,29,4.241379310344827,3.793103448275862,평범(한적+불만)
활옷 동굴,29,4.551724137931035,4.103448275862069,숨은명소(한적+만족)
스타벅스 제주중문점,29,3.7586206896551726,3.413793103448276,평범(한적+불만)
밀락 더 마켓,29,4.0,3.4827586206896552,평범(한적+불만)
여수수산시장,29,4.206896551724138,4.103448275862069,평범(한적+불만)
호텔 샌드,29,4.241379310344827,4.0344827586206895,평범(한적+불만)
국립고궁박물관,29,4.482758620689655,4.379310344827586,숨은명소(한적+만족)
구룡포일본인가옥거리,29,4.241379310344827,3.6551724137931036,평범(한적+불만)
외할머니솜씨,29,4.551724137931035,4.379310344827586,숨은명소(한적+만족)
청산수목원,29,4.413793103448276,4.172413793103448,숨은명소(한적+만족)
롯데백화점 광복점,29,4.172413793103448,4.068965517241379,평범(한적+불만)
도두해녀의집,29,4.310344827586207,4.448275862068965,평범(한적+불만)
사근 긴 해변,29,4.551724137931035,4.413793103448276,숨은명소(한적+만족)
별돈별 정원점,29,4.275862068965517,4.172413793103448,평범(한적+불만)
위이,29,4.517241379310345,4.448275862068965,숨은명소(한적+만족)
아야진해수욕장,29,4.586206896551724,4.482758620689655,숨은명소(한적+만족)
파주프리미엄아울렛,29,4.275862068965517,4.275862068965517,평범(한적+불만)
장태산자연휴양림,29,4.586206896551724,4.379310344827586,숨은명소(한적+만족)
삼척해변,29,4.344827586206897,4.172413793103448,평범(한적+불만)
뽀로로앤타요테마파크 제주,29,4.413793103448276,4.344827586206897,숨은명소(한적+만족)
춘천삼악산호수케이블카,29,4.689655172413793,4.241379310344827,숨은명소(한적+만족)
녹아,29,4.448275862068965,4.172413793103448,숨은명소(한적+만족)
카페 감자밭 본점,28,4.464285714285714,4.142857142857143,숨은명소(한적+만족)
더 현대 대구,28,4.428571428571429,4.392857142857143,숨은명소(한적+만족)
온오프,28,4.464285714285714,4.25,숨은명소(한적+만족)
유림공원,28,4.357142857142857,4.0,숨은명소(한적+만족)
소양강 스카이워크,28,3.8214285714285716,3.5714285714285716,평범(한적+불만)
석촌호수산책길,28,4.428571428571429,4.428571428571429,숨은명소(한적+만족)
선암사,28,4.285714285714286,4.142857142857143,평범(한적+불만)
고집돌우럭 제주공항점,28,4.571428571428571,4.5,숨은명소(한적+만족)
제주한림농협하나로마트,28,4.071428571428571,3.892857142857143,평범(한적+불만)
구인사,28,4.321428571428571,3.857142857142857,평범(한적+불만)
은행나무길,28,4.5,4.357142857142857,숨은명소(한적+만족)
제주맥주 양조장,28,4.214285714285714,3.75,평범(한적+불만)
카카오프렌즈 전주한옥마을점,28,4.214285714285714,4.035714285714286,평범(한적+불만)
카페 산,28,4.357142857142857,4.214285714285714,숨은명소(한적+만족)
곳,28,4.357142857142857,4.285714285714286,숨은명소(한적+만족)
몽산포해수욕장,28,4.285714285714286,3.9642857142857144,평범(한적+불만)
마농 르블랑,28,4.464285714285714,4.357142857142857,숨은명소(한적+만족)
시흥갯골생태공원,28,4.321428571428571,4.178571428571429,평범(한적+불만)
롯데아울렛 부여점,28,4.357142857142857,4.321428571428571,숨은명소(한적+만족)
이케아 고양점,28,4.214285714285714,4.071428571428571,평범(한적+불만)
스타필드 안성,28,4.285714285714286,4.142857142857143,평범(한적+불만)
여의도 한강공원,28,4.428571428571429,4.321428571428571,숨은명소(한적+만족)
포도 뮤지엄,28,4.5,4.107142857142857,숨은명소(한적+만족)
레드캡렌터카 제주지점,28,4.666666666666667,4.518518518518518,숨은명소(한적+만족)
태화강 국가 정원,28,4.535714285714286,4.392857142857143,숨은명소(한적+만족)
점보빌리지,28,4.142857142857143,3.642857142857143,평범(한적+불만)
명동교자 본점,28,4.285714285714286,4.142857142857143,평범(한적+불만)
수덕사,28,4.392857142857143,4.357142857142857,숨은명소(한적+만족)
종묘,27,4.481481481481482,4.481481481481482,숨은명소(한적+만족)
창꼼,27,4.222222222222222,3.5185185185185186,평범(한적+불만)
상하농원,27,4.592592592592593,4.592592592592593,숨은명소(한적+만족)
윈드 1947카트 테마파크,27,4.185185185185185,4.0,평범(한적+불만)
삼성혈,27,4.0,3.6666666666666665,평범(한적+불만)
고소동벽화마을,27,3.6666666666666665,3.259259259259259,평범(한적+불만)
비둘기낭폭포,27,4.777777777777778,4.407407407407407,숨은명소(한적+만족)
천주교서울대교구 주교좌 명동대성당,27,4.333333333333333,4.148148148148148,평범(한적+불만)
서우봉 산책로,27,4.444444444444445,4.2592592592592595,숨은명소(한적+만족)
갤러리아백화점 타임월드점,27,4.111111111111111,3.888888888888889,평범(한적+불만)
부석사,27,4.666666666666667,4.518518518518518,숨은명소(한적+만족)
경주엑스포대공원,27,4.074074074074074,3.7037037037037037,평범(한적+불만)
대전근현대사전시관,27,3.888888888888889,3.185185185185185,평범(한적+불만)
스타벅스 강릉강문해변점,27,4.333333333333333,4.2592592592592595,평범(한적+불만)
테디베어뮤지엄 제주점,27,4.148148148148148,3.6666666666666665,평범(한적+불만)
다랭이마을,27,3.4814814814814814,3.259259259259259,평범(한적+불만)
아이파크몰,27,4.296296296296297,4.444444444444445,평범(한적+불만)
한인옥,27,4.222222222222222,3.962962962962963,평범(한적+불만)
테라스 키친,27,4.703703703703703,4.555555555555555,숨은명소(한적+만족)
김유정문학촌,27,4.37037037037037,4.111111111111111,숨은명소(한적+만족)
전주난장,27,4.555555555555555,4.185185185185185,숨은명소(한적+만족)
보문호,27,4.222222222222222,4.185185185185185,평범(한적+불만)
엑스포시민광장,27,4.296296296296297,4.0,평범(한적+불만)
마장호수,27,4.222222222222222,3.888888888888889,평범(한적+불만)
월령선인장군락지,27,4.666666666666667,4.2592592592592595,숨은명소(한적+만족)
이순신공원,27,4.62962962962963,4.37037037037037,숨은명소(한적+만족)
목포해상케이블카 북항승강장,27,4.222222222222222,3.888888888888889,평범(한적+불만)
송악산 둘레길,27,4.518518518518518,4.444444444444445,숨은명소(한적+만족)
예당호 출렁다리,27,4.111111111111111,3.888888888888889,평범(한적+불만)
바람의 언덕,27,4.185185185185185,4.111111111111111,평범(한적+불만)
배론성지,27,4.518518518518518,4.444444444444445,숨은명소(한적+만족)
큰엉,27,4.518518518518518,4.2592592592592595,숨은명소(한적+만족)
화순금모래해수욕장,27,4.074074074074074,3.814814814814815,평범(한적+불만)
베이커리 밤마을,27,4.2592592592592595,4.222222222222222,평범(한적+불만)
휴즐리 제주점,26,3.730769230769231,3.269230769230769,평범(한적+불만)
휴휴암,26,4.153846153846154,3.8846153846153846,평범(한적+불만)
하조대해수욕장,26,4.230769230769231,4.115384615384615,평범(한적+불만)
청포대해수욕장,26,4.5,4.423076923076923,숨은명소(한적+만족)
특별한렌트카,26,4.0,3.9166666666666665,평범(한적+불만)
포레스트리솜 해브나인스파,26,4.6923076923076925,4.653846153846154,숨은명소(한적+만족)
팔달문시장,26,3.730769230769231,3.576923076923077,평범(한적+불만)
천마총,26,4.038461538461538,3.769230769230769,평범(한적+불만)
전주 난장,26,4.461538461538462,3.9615384615384617,숨은명소(한적+만족)
제주순메밀막국수,26,4.115384615384615,4.0,평범(한적+불만)
스타벅스 제주애월DT점,26,4.3076923076923075,4.038461538461538,평범(한적+불만)
아줄레주,26,4.346153846153846,4.3076923076923075,평범(한적+불만)
롯데프리미엄아울렛 동부산점,26,4.153846153846154,4.076923076923077,평범(한적+불만)
남해 독일마을,26,4.0,3.5384615384615383,평범(한적+불만)
소길별하,26,4.346153846153846,3.8846153846153846,평범(한적+불만)
낙강물길공원,26,4.461538461538462,4.346153846153846,숨은명소(한적+만족)
꼬스뗀뇨,26,4.5,4.5,숨은명소(한적+만족)
도렐 제주본점,26,4.230769230769231,4.115384615384615,평범(한적+불만)
뚝섬한강공원,26,4.653846153846154,4.5,숨은명소(한적+만족)
아바이마을,26,4.115384615384615,3.730769230769231,평범(한적+불만)
어음리억새군락지,26,4.384615384615385,4.115384615384615,숨은명소(한적+만족)
여수 해양공원,26,4.0,3.9615384615384617,평범(한적+불만)
여수다,26,4.269230769230769,4.269230769230769,평범(한적+불만)
부소산성,26,4.576923076923077,4.5,숨은명소(한적+만족)
보리암,26,4.8076923076923075,4.5,숨은명소(한적+만족)
관음도,26,4.1923076923076925,4.0,평범(한적+불만)
수원 화성,26,4.423076923076923,4.423076923076923,숨은명소(한적+만족)
모알보알 제주,26,4.461538461538462,4.115384615384615,숨은명소(한적+만족)
바다김밥,26,4.461538461538462,4.346153846153846,숨은명소(한적+만족)
감천문화마을,26,4.384615384615385,4.115384615384615,숨은명소(한적+만족)
마로니에공원,26,4.153846153846154,4.038461538461538,평범(한적+불만)
무진장,26,2.730769230769231,3.0,평범(한적+불만)
강릉 동화 가든 본점,26,4.269230769230769,3.923076923076923,평범(한적+불만)
제주현대렌트카,25,4.333333333333333,4.041666666666667,평범(한적+불만)
설악워터피아,25,4.4,4.4,숨은명소(한적+만족)
대장봉,25,4.8,4.2,숨은명소(한적+만족)
진미통닭,25,4.04,3.88,평범(한적+불만)
스타벅스 제주 성산 DT 점,25,4.52,4.44,숨은명소(한적+만족)
디피랑,25,4.44,3.92,숨은명소(한적+만족)
싱계물공원,25,4.4,4.24,숨은명소(한적+만족)
박수기정,25,4.44,4.2,숨은명소(한적+만족)
신화 워터파크,25,4.4,4.2,숨은명소(한적+만족)
하멜,25,4.4,4.4,숨은명소(한적+만족)
신세계백화점 본점,25,4.0,3.84,평범(한적+불만)
델문도 김녕점,25,4.48,4.24,숨은명소(한적+만족)
대관령양떼목장,25,4.6,4.04,숨은명소(한적+만족)
재인폭포,25,4.48,4.12,숨은명소(한적+만족)
조양방직,25,4.08,4.08,평범(한적+불만)
용문사,25,4.68,4.4,숨은명소(한적+만족)
바다정원,25,4.2,4.08,평범(한적+불만)
사인암,25,4.36,4.2,숨은명소(한적+만족)
다랑쉬오름,25,4.36,3.92,숨은명소(한적+만족)
어린왕자감귤밭,25,4.32,3.68,평범(한적+불만)
롯데마트 제주점,25,4.0,4.0,평범(한적+불만)
백제문화단지,25,4.28,3.92,평범(한적+불만)
여수예술랜드,25,3.8,3.28,평범(한적+불만)
테라로사 커피공장 강릉본점,25,4.04,3.8,평범(한적+불만)
해녀촌,25,4.2,4.04,평범(한적+불만)
소쇄원,25,4.24,3.76,평범(한적+불만)
국립민속박물관,25,4.4,4.24,숨은명소(한적+만족)
구읍뱃터,25,3.88,3.68,평범(한적+불만)
분황사,25,4.04,3.44,평범(한적+불만)
용연 구름다리,25,3.84,3.52,평범(한적+불만)
뽀로로 앤 타요 테마파크 제주,25,4.64,4.64,숨은명소(한적+만족)
남산공원,25,4.12,3.84,평범(한적+불만)
국립현대미술관 과천관,25,4.56,4.4,숨은명소(한적+만족)
평대리해수욕장,25,4.28,4.2,평범(한적+불만)
전라감영,25,4.16,3.64,평범(한적+불만)
한담몰,24,4.0,3.7083333333333335,평범(한적+불만)
세화민속오일시장,24,4.083333333333333,4.041666666666667,평범(한적+불만)
성심당 케익부띠끄,24,4.666666666666667,4.583333333333333,숨은명소(한적+만족)
성산일출봉농협하나로마트,24,4.166666666666667,4.208333333333333,평범(한적+불만)
담백,24,4.458333333333333,4.291666666666667,숨은명소(한적+만족)
네거리식당,24,4.291666666666667,4.083333333333333,평범(한적+불만)
내소사,24,4.416666666666667,4.25,숨은명소(한적+만족)
말고기연구소,24,4.458333333333333,4.25,숨은명소(한적+만족)
상당산성,24,4.5,4.333333333333333,숨은명소(한적+만족)
하이원 워터월드,24,4.666666666666667,4.625,숨은명소(한적+만족)
상화원,24,4.125,4.041666666666667,평범(한적+불만)
상주은모래비치,24,4.541666666666667,4.125,숨은명소(한적+만족)
테라도스,24,4.041666666666667,3.4166666666666665,평범(한적+불만)
도치돌목장,24,4.458333333333333,3.9583333333333335,숨은명소(한적+만족)
삽교호 놀이공원,24,4.375,4.166666666666667,숨은명소(한적+만족)
항파두리 항몽 유적지,24,4.208333333333333,4.083333333333333,평범(한적+불만)
사려니숲길 붉은오름 입구,24,4.625,4.458333333333333,숨은명소(한적+만족)
런던베이글뮤지엄 안국점,24,4.125,3.875,평범(한적+불만)
패밀리렌트카,24,4.125,3.7083333333333335,평범(한적+불만)
로그인렌트카,24,4.083333333333333,4.083333333333333,평범(한적+불만)
카페루시아 본점,24,4.541666666666667,4.375,숨은명소(한적+만족)
본태 박물관,24,4.625,4.25,숨은명소(한적+만족)
뮤지엄산,24,4.333333333333333,4.208333333333333,평범(한적+불만)
백제문화 단지,24,4.375,3.9583333333333335,숨은명소(한적+만족)
웅천친수공원,24,4.5,4.5,숨은명소(한적+만족)
망상해변,24,4.458333333333333,4.541666666666667,숨은명소(한적+만족)
낙안읍성민속마을,24,4.458333333333333,3.9583333333333335,숨은명소(한적+만족)
전주남부시장 한옥마을야시장,24,3.2916666666666665,3.4583333333333335,평범(한적+불만)
이마트 속초점,24,4.291666666666667,4.208333333333333,평범(한적+불만)
시골밥상,24,3.3333333333333335,2.9166666666666665,평범(한적+불만)
낙산해변,24,4.208333333333333,4.083333333333333,평범(한적+불만)
해지개,24,4.208333333333333,3.7916666666666665,평범(한적+불만)
곰막식당,24,4.291666666666667,4.166666666666667,평범(한적+불만)
꽃돌게장1번가,24,4.333333333333333,4.166666666666667,평범(한적+불만)
헬로키티 아일랜드,24,4.208333333333333,3.8333333333333335,평범(한적+불만)
은희네해장국 본점,24,4.541666666666667,4.416666666666667,숨은명소(한적+만족)
고소동 벽화마을,24,4.083333333333333,3.7916666666666665,평범(한적+불만)
꽃동 게장 1번가,24,4.708333333333333,4.625,숨은명소(한적+만족)
남대문시장,24,3.7083333333333335,3.9583333333333335,평범(한적+불만)
이성당 신관,24,4.208333333333333,3.9583333333333335,평범(한적+불만)
스타벅스 더여수돌산DT점,24,4.208333333333333,4.166666666666667,평범(한적+불만)
유월드 루지 테마파크,24,4.5,4.291666666666667,숨은명소(한적+만족)
오저여,24,4.416666666666667,4.291666666666667,숨은명소(한적+만족)
IFC몰,24,4.541666666666667,4.416666666666667,숨은명소(한적+만족)
용담해안도로,24,4.5,4.375,숨은명소(한적+만족)
현대 프리미엄 아울렛 스페이스 원,24,4.458333333333333,4.208333333333333,숨은명소(한적+만족)
애월 카페거리,23,4.3478260869565215,4.086956521739131,평범(한적+불만)
이태원거리,23,3.652173913043478,3.1739130434782608,평범(한적+불만)
라이언 홀리데이 인 부산,23,4.0,3.5217391304347827,평범(한적+불만)
이호 테우 등대,23,4.304347826086956,4.043478260869565,평범(한적+불만)
천은사,23,4.217391304347826,4.086956521739131,평범(한적+불만)
호랑이젤라떡,23,4.521739130434782,4.434782608695652,숨은명소(한적+만족)
블루 보틀 제주 카페,23,4.521739130434782,4.391304347826087,숨은명소(한적+만족)
레고랜드코리아리조트,23,4.043478260869565,3.4782608695652173,평범(한적+불만)
현대프리미엄아울렛 스페이스원,23,4.304347826086956,4.173913043478261,평범(한적+불만)
애월빵공장앤카페,23,3.8260869565217392,3.4782608695652173,평범(한적+불만)
수원화성박물관,23,4.173913043478261,3.652173913043478,평범(한적+불만)
화개장터,23,3.5652173913043477,3.130434782608696,평범(한적+불만)
본태박물관,23,4.391304347826087,3.8260869565217392,숨은명소(한적+만족)
이르리,23,4.434782608695652,4.434782608695652,숨은명소(한적+만족)
청초수물회 속초본점,23,4.130434782608695,3.9130434782608696,평범(한적+불만)
따라비오름,23,4.478260869565218,4.304347826086956,숨은명소(한적+만족)
별돈별 협재해변점,23,4.173913043478261,3.739130434782609,평범(한적+불만)
오늘은녹차한잔,23,4.173913043478261,3.869565217391304,평범(한적+불만)
고집돌우럭 중문점,23,4.608695652173913,4.391304347826087,숨은명소(한적+만족)
강화풍물시장,23,3.869565217391304,3.782608695652174,평범(한적+불만)
트리플 스트리트,23,4.391304347826087,4.3478260869565215,숨은명소(한적+만족)
오이도 빨강등대,23,3.9565217391304346,3.869565217391304,평범(한적+불만)
유리알 유희,23,4.478260869565218,4.086956521739131,숨은명소(한적+만족)
목포근대역사관 2관,23,4.217391304347826,4.0,평범(한적+불만)
용연구름다리,23,3.9130434782608696,3.3043478260869565,평범(한적+불만)
태화강국가정원 십리대숲,23,4.869565217391305,4.565217391304348,숨은명소(한적+만족)
산토리니,23,4.434782608695652,4.260869565217392,숨은명소(한적+만족)
길거리야 한옥마을점,23,4.304347826086956,4.130434782608695,평범(한적+불만)
제주김만복 본점,23,4.086956521739131,3.608695652173913,평범(한적+불만)
덕수궁돌담길,23,4.434782608695652,4.173913043478261,숨은명소(한적+만족)
다정이네 올레시장본점,23,4.130434782608695,3.9565217391304346,평범(한적+불만)
소금바치순이네,23,4.434782608695652,4.043478260869565,숨은명소(한적+만족)
해운대블루라인파크 청사포정거장,23,4.173913043478261,4.130434782608695,평범(한적+불만)
단양다누리센터 아쿠아리움,23,4.695652173913044,4.3478260869565215,숨은명소(한적+만족)
제주시 새우리 제주점,23,4.434782608695652,4.217391304347826,숨은명소(한적+만족)
88버거,23,4.304347826086956,3.9565217391304346,평범(한적+불만)
수월봉지질트레일,23,4.173913043478261,4.043478260869565,평범(한적+불만)
넉둥베기,23,4.173913043478261,3.6956521739130435,평범(한적+불만)
설악산,23,4.434782608695652,4.478260869565218,숨은명소(한적+만족)
서피 비치,23,4.434782608695652,4.260869565217392,숨은명소(한적+만족)
더베이101,23,4.521739130434782,4.478260869565218,숨은명소(한적+만족)
먹돌 제주본점,23,4.304347826086956,3.869565217391304,평범(한적+불만)
서어봉,23,4.391304347826087,4.304347826086956,숨은명소(한적+만족)
서귀포잠수함,23,4.173913043478261,3.739130434782609,평범(한적+불만)
김유정역 (폐역),23,4.608695652173913,4.391304347826087,숨은명소(한적+만족)
한벽굴,23,4.0,3.0869565217391304,평범(한적+불만)
쌈지길,23,4.173913043478261,3.9130434782608696,평범(한적+불만)
중앙로 지하상가,23,4.043478260869565,3.782608695652174,평범(한적+불만)
중문수두리보말칼국수,23,4.6521739130434785,4.434782608695652,숨은명소(한적+만족)
신흥사,23,4.304347826086956,4.086956521739131,평범(한적+불만)
신세계백화점 천안아산점,23,4.260869565217392,4.3478260869565215,평범(한적+불만)
남원시립 김병종 미술관,23,4.391304347826087,4.086956521739131,숨은명소(한적+만족)
하고수동 해변,23,4.478260869565218,4.173913043478261,숨은명소(한적+만족)
주문진해변,23,4.3478260869565215,4.260869565217392,평범(한적+불만)
서귀포유람선,23,4.695652173913044,4.608695652173913,숨은명소(한적+만족)
스타벅스 경주대릉원점,23,4.173913043478261,3.869565217391304,평범(한적+불만)
통도사,22,4.363636363636363,4.2727272727272725,숨은명소(한적+만족)
한라산국립공원 영실탐방로,22,4.681818181818182,4.681818181818182,숨은명소(한적+만족)
남산서울타워,22,4.7727272727272725,4.7272727272727275,숨은명소(한적+만족)
한라산아래첫마을,22,4.863636363636363,4.545454545454546,숨은명소(한적+만족)
휴애리 자연생활공원,22,4.2272727272727275,3.9545454545454546,평범(한적+불만)
금강신관공원,22,4.2727272727272725,4.136363636363637,평범(한적+불만)
통영케이블카,22,4.2272727272727275,4.136363636363637,평범(한적+불만)
다우랑 1호점,22,4.0,3.8181818181818183,평범(한적+불만)
객사길,22,4.0,4.090909090909091,평범(한적+불만)
롯데백화점 본점,22,4.090909090909091,4.045454545454546,평범(한적+불만)
파리바게뜨 제주공항점,22,4.409090909090909,4.2727272727272725,숨은명소(한적+만족)
행궁동벽화마을,22,3.8181818181818183,3.5454545454545454,평범(한적+불만)
파주 프리미엄 아울렛,22,4.318181818181818,4.318181818181818,평범(한적+불만)
국립중앙과학관,22,4.590909090909091,4.545454545454546,숨은명소(한적+만족)
하갈비,22,3.9545454545454546,3.5454545454545454,평범(한적+불만)
귤꽃다락,22,4.7272727272727275,4.590909090909091,숨은명소(한적+만족)
낙타트래킹,22,4.090909090909091,3.590909090909091,평범(한적+불만)
초량차이나타운,22,3.727272727272727,3.3181818181818183,평범(한적+불만)
수목원테마파크,22,4.090909090909091,3.727272727272727,평범(한적+불만)
물영아리,22,4.2727272727272725,3.8181818181818183,평범(한적+불만)
여수세계박람회 스카이타워,22,4.2727272727272725,3.772727272727273,평범(한적+불만)
삼대국수회관 본점,22,3.909090909090909,3.409090909090909,평범(한적+불만)
스파크랜드,22,4.363636363636363,4.136363636363637,숨은명소(한적+만족)
"오른(orrrn,오알엔)",22,4.318181818181818,3.909090909090909,평범(한적+불만)
오드랑 베이커리,22,4.5,4.181818181818182,숨은명소(한적+만족)
신리성지,22,4.7727272727272725,4.409090909090909,숨은명소(한적+만족)
애월해안도로,22,4.590909090909091,4.409090909090909,숨은명소(한적+만족)
춘향테마파크,22,3.8181818181818183,3.272727272727273,평범(한적+불만)
민락수변공원,22,4.363636363636363,4.318181818181818,숨은명소(한적+만족)
카페 모알보알,22,4.5,4.363636363636363,숨은명소(한적+만족)
장도,22,4.5,4.5,숨은명소(한적+만족)
오드씽,22,4.681818181818182,4.545454545454546,숨은명소(한적+만족)
이춘옥의원조고등어쌈밥,22,3.5454545454545454,3.272727272727273,평범(한적+불만)
옛 군산세관,22,3.772727272727273,3.0,평범(한적+불만)
서울랜드,22,4.681818181818182,4.636363636363637,숨은명소(한적+만족)
인스밀,22,4.409090909090909,3.909090909090909,숨은명소(한적+만족)
숙성도 애월점,22,4.7272727272727275,4.454545454545454,숨은명소(한적+만족)
조양 방직,22,4.2727272727272725,4.2272727272727275,평범(한적+불만)
섬소나이,22,4.2272727272727275,4.0,평범(한적+불만)
스타벅스 제주송악산점,22,3.909090909090909,3.5454545454545454,평범(한적+불만)
올레야시장,22,4.363636363636363,4.2272727272727275,숨은명소(한적+만족)
연화정도서관,21,4.761904761904762,4.666666666666667,숨은명소(한적+만족)
논짓물해변,21,4.476190476190476,4.428571428571429,숨은명소(한적+만족)
한 섬 해변,21,4.380952380952381,4.428571428571429,숨은명소(한적+만족)
공주산성시장,21,3.9523809523809526,3.619047619047619,평범(한적+불만)
설악케이블카,21,4.238095238095238,4.095238095238095,평범(한적+불만)
센텀시티 스파랜드,21,4.571428571428571,4.380952380952381,숨은명소(한적+만족)
제주사월,21,4.428571428571429,4.428571428571429,숨은명소(한적+만족)
상상 함덕점,21,4.714285714285714,4.428571428571429,숨은명소(한적+만족)
엔드투앤드,21,4.523809523809524,4.476190476190476,숨은명소(한적+만족)
녹테마레,21,4.428571428571429,3.8095238095238093,숨은명소(한적+만족)
제주도립김창열미술관,21,4.142857142857143,3.857142857142857,평범(한적+불만)
소수서원,21,4.571428571428571,4.380952380952381,숨은명소(한적+만족)
자매 갈비전골,21,4.095238095238095,4.142857142857143,평범(한적+불만)
제주특별자치도 민속자연사박물관,21,4.285714285714286,4.0,평범(한적+불만)
제주 김만복 김밥 본점,21,4.333333333333333,4.0476190476190474,평범(한적+불만)
송광사,21,4.619047619047619,4.523809523809524,숨은명소(한적+만족)
안성팜랜드,21,4.523809523809524,4.380952380952381,숨은명소(한적+만족)
스타벅스 제주칠성점,21,3.9047619047619047,3.5238095238095237,평범(한적+불만)
안동 하회마을,21,4.523809523809524,4.333333333333333,숨은명소(한적+만족)
해운대전통시장,21,4.0476190476190474,3.761904761904762,평범(한적+불만)
전포 카페거리,21,4.285714285714286,4.142857142857143,평범(한적+불만)
인사동 문화의거리,21,4.285714285714286,3.857142857142857,평범(한적+불만)
스타벅스 제주 용담 DT 점,21,4.285714285714286,3.761904761904762,평범(한적+불만)
씨엘이 베이커리 본점,21,4.333333333333333,4.285714285714286,평범(한적+불만)
제주엔젤렌트카,21,4.0,3.857142857142857,평범(한적+불만)
해운대블루라인파크 송정정거장,21,4.428571428571429,4.238095238095238,숨은명소(한적+만족)
신세계백화점 광주신세계점,21,4.190476190476191,4.333333333333333,평범(한적+불만)
공주 무령왕릉과 왕릉원,21,4.333333333333333,4.190476190476191,평범(한적+불만)
킨텍스 제1전시장,21,3.9523809523809526,3.857142857142857,평범(한적+불만)
매향,21,4.333333333333333,4.0476190476190474,평범(한적+불만)
망원시장,21,4.285714285714286,3.857142857142857,평범(한적+불만)
태종대유원지,21,4.190476190476191,4.380952380952381,평범(한적+불만)
명월국민학교,21,4.333333333333333,3.9523809523809526,평범(한적+불만)
말티재 전망대,21,4.285714285714286,4.190476190476191,평범(한적+불만)
김희선제주몸국,21,4.380952380952381,4.095238095238095,숨은명소(한적+만족)
태화탕,21,4.0476190476190474,3.5714285714285716,평범(한적+불만)
캘리포니아비치,21,4.428571428571429,4.333333333333333,숨은명소(한적+만족)
PNB풍년제과 전주 본점,21,3.9523809523809526,3.8095238095238093,평범(한적+불만)
목장카페 밭디,21,4.666666666666667,4.428571428571429,숨은명소(한적+만족)
료코,21,4.476190476190476,4.0,숨은명소(한적+만족)
온양온천시장,21,4.095238095238095,3.9523809523809526,평범(한적+불만)
카카오 프렌즈 전주한옥마을점,21,4.333333333333333,4.238095238095238,평범(한적+불만)
백약이오름,21,4.238095238095238,4.0476190476190474,평범(한적+불만)
청라언덕,21,4.0476190476190474,4.0,평범(한적+불만)
부촌,21,4.523809523809524,4.476190476190476,숨은명소(한적+만족)
북촌 한옥마을,21,4.190476190476191,4.142857142857143,평범(한적+불만)
허균허난설헌기념관,21,4.380952380952381,3.9523809523809526,숨은명소(한적+만족)
경주문무대왕릉,21,4.0,3.619047619047619,평범(한적+불만)
쁘띠프랑스,21,3.761904761904762,2.9523809523809526,평범(한적+불만)
사라봉,21,4.523809523809524,4.238095238095238,숨은명소(한적+만족)
사천해변,21,4.380952380952381,4.238095238095238,숨은명소(한적+만족)
낙산공원,21,4.095238095238095,3.9523809523809526,평범(한적+불만)
독도,21,4.857142857142857,4.285714285714286,숨은명소(한적+만족)
중앙전통시장,21,4.142857142857143,4.0,평범(한적+불만)
장호항,21,4.0476190476190474,4.0,평범(한적+불만)
스플라스 워터파크,21,4.428571428571429,4.333333333333333,숨은명소(한적+만족)
서귀포예술의전당,21,4.333333333333333,4.0476190476190474,평범(한적+불만)
코스트코 세종점,20,4.45,4.6,숨은명소(한적+만족)
화양연화,20,3.95,3.25,평범(한적+불만)
아라리오갤러리 천안,20,4.05,3.75,평범(한적+불만)
군산근대건축관,20,4.15,3.8,평범(한적+불만)
여수 해상 케이블카 자산 정류장,20,4.45,4.55,숨은명소(한적+만족)
광천 식당,20,3.65,3.25,평범(한적+불만)
곱들락,20,4.15,3.7,평범(한적+불만)
고창읍성,20,4.5,4.4,숨은명소(한적+만족)
고씨네천지국수,20,4.25,3.85,평범(한적+불만)
오른(orrrn 옹알엔),20,4.55,4.2,숨은명소(한적+만족)
오브레멘,20,4.35,4.4,숨은명소(한적+만족)
온달관광지,20,4.05,3.25,평범(한적+불만)
IFC 몰,20,4.2,3.95,평범(한적+불만)
헬로키티아일랜드,20,4.3,3.55,평범(한적+불만)
속초 항아리 물회,20,3.45,2.8,평범(한적+불만)
신비의도로,20,3.25,2.85,평범(한적+불만)
잔물결,20,4.45,4.15,숨은명소(한적+만족)
서귀포 유람선,20,4.5,4.0,숨은명소(한적+만족)
중문 우두리 보말칼국수,20,4.6,4.65,숨은명소(한적+만족)
프렐류드,20,4.7,4.05,숨은명소(한적+만족)
동피랑벽화마을,20,3.9,3.7,평범(한적+불만)
상국이네,20,3.95,3.6,평범(한적+불만)
천리포수목원,20,4.45,4.1,숨은명소(한적+만족)
퍼스트렌트카,20,3.7222222222222223,3.7777777777777777,평범(한적+불만)
비케이브,20,4.45,4.0,숨은명소(한적+만족)
롯데 프리미엄 아울렛 파주점,20,4.35,4.2,숨은명소(한적+만족)
우도봉 입구,20,4.3,4.05,평범(한적+불만)
미르섬,20,4.35,4.15,숨은명소(한적+만족)
톤쇼우 광안점,20,4.55,4.2,숨은명소(한적+만족)
마이랜드,20,4.35,4.2,숨은명소(한적+만족)
카페툇마루,20,4.2,3.4,평범(한적+불만)
명진전복,20,4.5,4.3,숨은명소(한적+만족)
제천 옥순봉 출렁다리,20,4.55,4.15,숨은명소(한적+만족)
대전 오월드,20,4.8,4.75,숨은명소(한적+만족)
섭섭이네,20,3.95,3.55,평범(한적+불만)
정림사지박물관,20,4.65,4.4,숨은명소(한적+만족)
전라남도 산림자원연구소,20,4.6,4.6,숨은명소(한적+만족)
난산리다방,20,4.7,4.6,숨은명소(한적+만족)
숨도,20,3.95,4.05,평범(한적+불만)
전주현대옥 전주본점,20,4.3,4.35,평범(한적+불만)
해녀 김밥 본점,20,4.35,4.1,숨은명소(한적+만족)
수원 화성 화홍문,20,4.55,4.5,숨은명소(한적+만족)
합천영상테마파크,20,4.5,4.2,숨은명소(한적+만족)
성심당 롯데백화점 대전점,20,4.8,4.75,숨은명소(한적+만족)
남해안크루즈관광 미남크루즈,20,4.85,4.6,숨은명소(한적+만족)
먹고정,20,4.5,4.05,숨은명소(한적+만족)
넥슨컴퓨터박물관,20,4.6,3.85,숨은명소(한적+만족)
노을리카페,20,3.95,3.95,평범(한적+불만)
한라산1100고지,20,4.5,4.45,숨은명소(한적+만족)
세미원,20,4.3,4.0,평범(한적+불만)
1913송정역시장,20,4.25,4.15,평범(한적+불만)
