precedent_id,case_number,case_name,court_name,decision_date_iso,crime_name,sex_type,lawyer,punishment,guilty,year,injury_weeks,reduced,outcome,minor_victim,relative,special,distribute,habit_flag,agree,reflection,first_offender,same_record,recovery,conceal,deny
618465,2025노137,간음유인·미성년자의제강간·실종아동등의보호및지원에관한법률위반,서울고등법원(춘천),2025-11-05,미성년자의제강간,rape,lawfirm,suspended,Guilty,3.0,,reduced,True,1,1,0,0,0,1,1,1,0,1,1,0
619409,2025노31,강제추행,서울고등법원,2025-09-18,강제추행,indecent,lawyer,fine,Guilty,,,,False,1,0,0,0,0,0,0,1,0,0,0,0
605579,2023노249,성폭력범죄의처벌등에관한특례법위반(강간등치상)·마약류관리에관한법률위반(향정),서울고등법원,2023-07-11,"성폭력범죄의처벌등에관한특례법위반(강간등치상), 마약류관리에관한법률위반",rape,lawfirm,imprisonment,Guilty,5.0,,normal,False,1,0,0,0,0,0,0,1,0,0,0,0
605577,2022고합92,성폭력범죄의처벌등에관한특례법위반(강간등치상)·마약류관리에관한법률위반(향정),서울중앙지방법원,2023-01-12,"성폭력범죄의처벌등에관한특례법위반(강간치상), 마약류관리에관한법률위반(향정)",rape,lawfirm,imprisonment,Guilty,6.0,,normal,False,1,0,1,0,0,1,1,1,0,0,0,0
219875,2021노802,주거침입·성폭력범죄의처벌등에관한특례법위반(카메라등이용촬영)·상해,울산지법,2021-11-05,성폭력범죄의 처벌 등에 관한 특례법 위반(카메라등이용촬영),camera,lawfirm,fine,Guilty,,,,False,1,0,0,0,0,0,0,0,0,0,0,0
223475,2020고단2650,성폭력범죄의처벌등에관한특례법위반(카메라등이용촬영),의정부지방법원 고양지원,2020-12-17,성폭력범죄의처벌등에관한특례법위반(카메라등이용촬영),camera,lawfirm,suspended,Guilty,1.0,,reduced,True,1,0,0,1,0,0,0,0,0,0,0,0
213173,2020노166,성폭력범죄의처벌등에관한특례법위반(친족관계에의한준강간),수원고등법원,2020-07-16,성폭력범죄의처벌등에관한특례법위반(친족관계에의한강간),rape,public,both,Guilty,7.0,,aggravated,False,0,0,0,0,0,0,1,1,0,0,0,0
225269,2018고합92,성폭력범죄의처벌등에관한특례법위반(특수강제추행)(인정된죄명:강제추행),대구지방법원 경주지원,2019-06-20,강제추행,indecent,lawyer,fine,Guilty,,,,False,1,0,1,0,0,1,1,0,0,0,0,0
225019,"2018고합197, 2018전고36(병합)",성폭력범죄의처벌등에관한특례법위반(친족관계에의한강간)·성폭력범죄의처벌등에관한특례법위반(친족관계에의한강제추행)·아동·청소년의성보호에관한법률위반(강간)·아동·청소년의성보호에관한법률위반(유사성행위)·부착명령,청주지방법원,2019-01-18,강간,rape,lawfirm,imprisonment,Guilty,7.0,,normal,False,1,1,0,0,0,1,1,1,0,0,0,0
224989,2018고단7802,성폭력범죄의처벌등에관한특례법위반(카메라등이용촬영)·협박·성폭력범죄의처벌등에관한특례법위반(통신매체이용음란)·정보통신망이용촉진및정보보호등에관한법률위반,인천지방법원,2019-01-09,불법촬영,camera,public,suspended,Guilty,0.8333333333333334,,reduced,True,1,0,0,1,0,0,1,1,0,0,0,0
207178,2018노88,강간(인정된죄명:준강간미수·변경된죄명:준강간),고등군사법원,2018-09-13,준강간미수,rape,lawfirm,imprisonment,Guilty,1.5,,reduced,True,1,0,1,0,0,1,0,1,0,0,0,0
194917,2017고합281,아동·청소년의성보호에관한법률위반(위계등추행)·개인정보보호법위반,수원지법,2018-02-20,위계등추행,indecent,lawfirm,fine,Guilty,,,,False,1,0,1,0,0,1,0,1,0,0,0,1
205396,2016노417,군인등강제추행·특수폭행·폭행·모욕,부산고등법원,2016-09-22,군인등강제추행,indecent,lawfirm,suspended,Guilty,1.0,,normal,True,1,0,0,0,0,0,1,1,0,0,0,0
183224,"2015노209, 318(병합), 479(병합), 2015전노14(병합), 2015초기30",성폭력범죄의처벌등에관한특례법위반(장애인강간)·강간미수·성폭력범죄의처벌등에관한특례법위반(업무상위력등에의한추행)·강제추행·사기·부착명령·배상명령,대전고등법원,2016-02-05,"강간미수, 장애인강간",rape,public,both,Guilty,2.5,,reduced,True,1,0,1,0,1,1,1,0,0,1,0,0
179363,"(제주)2014노99,(제주)2014전노19(병합)",성폭력범죄의처벌등에관한특례법위반(장애인에대한준강간등)·성폭력범죄의처벌등에관한특례법위반(장애인준강간등)·성폭력범죄의처벌등에관한특례법위반(장애인위계등간음)·성폭력범죄의처벌등에관한특례법위반(장애인위계등추행)·성폭력범죄의처벌및피해자보호등에관한법률위반(장애인에대한준강간등)·부착명령,광주고등법원,2015-01-07,장애인 준강간,rape,public,imprisonment,Guilty,18.0,,aggravated,False,1,1,1,0,0,1,1,1,0,0,0,0
606247,2024노595,준강제추행·성폭력범죄의처벌등에관한특례법위반(카메라등이용촬영·반포등)·감금·강간·스토킹범죄의처벌등에관한법률위반·협박,수원고등법원,2024-11-14,준강제추행·불법촬영·감금·강간·스토킹·협박,camera,lawfirm,imprisonment,Guilty,4.0,,normal,False,1,0,1,0,0,0,0,1,0,0,0,0
599839,2024노156,성폭력범죄의처벌등에관한특례법위반(강간등치상),대전고등법원,2024-06-21,성폭력처벌법위반(강간등치상),rape,lawyer,imprisonment,Guilty,5.0,,normal,False,1,0,1,0,0,1,0,1,0,1,0,1
606097,"2022고합398-1(분리), 2023고합77(병합), 2023고합280(병합), 2023고합333(병합)",마약류관리에관한법률위반(향정)·마약류관리에관한법률위반(대마)·성폭력범죄의처벌등에관한특례법위반(카메라등이용촬영·반포등),의정부지방법원,2024-04-05,마약류관리법위반(향정·대마)·불법촬영물 전시·상영,camera,lawyer,both,Guilty,4.0,,normal,False,1,0,0,1,1,0,1,0,0,0,0,1
240681,2023노3763,성폭력범죄의처벌등에관한특례법위반(촬영물등이용협박)·스토킹범죄의처벌등에관한법률위반·주거침입·상관모욕,서울고법,2024-03-29,촬영물등이용협박·스토킹·주거침입·상관모욕,camera,lawyer,suspended,Guilty,2.0,,normal,True,1,0,0,1,0,1,1,1,0,1,0,0
599837,2023고합61,성폭력범죄의처벌등에관한특례법위반(강간등치상),대전지방법원 논산지원,2024-03-13,성폭력처벌법위반(강간등치상),rape,lawyer,imprisonment,Guilty,6.0,,normal,False,1,0,1,0,0,1,1,1,0,1,0,1
241547,2023노499,강제추행·도로교통법위반,서울중앙지방법원,2024-01-31,강제추행·도로교통법위반,indecent,lawfirm,fine,Guilty,,,,False,0,0,0,0,0,0,0,0,0,0,0,0
601875,2023노2371,성폭력범죄의처벌등에관한특례법위반(촬영물등이용협박)·협박·스토킹범죄의처벌등에관한법률위반,서울고등법원,2023-11-28,촬영물등이용협박·협박·스토킹처벌법위반,camera,lawyer,suspended,Guilty,0.8333333333333334,,reduced,True,0,0,0,1,0,0,0,1,0,0,0,0
607207,2022노408,아동·청소년의성보호에관한법률위반(성착취물소지등)·성폭력범죄의처벌등에관한특례법위반(카메라등이용촬영물소지등),광주고등법원,2023-08-10,아동·청소년성착취물 소지·불법촬영물 소지,camera,lawfirm,,Guilty,,,,False,1,0,0,0,0,0,0,0,0,0,0,0
237973,"2022노257, 2022전노32(병합)",아동·청소년의성보호에관한법률위반(위계등유사성행위)·아동·청소년의성보호에관한법률위반(성매수등)·아동·청소년의성보호에관한법률위반(성착취물제작·배포등)·성폭력범죄의처벌등에관한특례법위반(카메라등이용촬영·반포등)·미성년자의제강간·미성년자의제유사강간·아동복지법위반(아동에대한음행강요·매개·성희롱등)·성매매알선등행위의처벌에관한법률위반(성매매)·부착명령,서울고등법원(춘천),2023-06-14,아동·청소년 대상 성범죄·성착취물 제작·불법촬영·성매매,camera,lawyer,imprisonment,Guilty,7.0,,aggravated,False,1,0,1,1,0,1,0,1,0,0,0,0
607171,2021노1758,강제추행,서울동부지방법원,2022-07-15,강제추행,indecent,lawyer,suspended,Guilty,1.0,,normal,True,1,0,0,0,0,0,0,1,0,0,0,0
223455,2021노26,성폭력범죄의처벌등에관한특례법위반(카메라등이용촬영),의정부지방법원,2022-01-14,카메라등이용촬영,camera,lawyer,fine,Guilty,,,,False,1,0,0,1,0,0,0,0,0,0,0,0
220353,"2021노83, 2021전노4(병합)",강간치상·마약류관리에관한법률위반(향정)·성폭력범죄의처벌등에관한특례법위반(카메라등이용촬영)·강제추행·특정경제범죄가중처벌등에관한법률위반(사기)·사기·공문서위조·위조공문서행사·부착명령,부산고등법원,2021-11-24,강간치상·마약류관리법위반·불법촬영·강제추행·사기·공문서위조 등,camera,public,suspended,Guilty,13.0,,aggravated,True,1,0,1,0,1,1,0,0,0,0,0,1
221011,"2021노36, 2021전노3(병합)",성폭력범죄의처벌등에관한특례법위반(13세미만미성년자위계등간음)·성폭력범죄의처벌등에관한특례법위반(13세미만미성년자위계등추행)·부착명령,부산고등법원(울산),2021-10-13,13세미만 미성년자 위계등 간음·추행·부착명령,indecent,lawyer,imprisonment,Guilty,7.0,,aggravated,False,1,0,1,0,0,0,0,0,0,0,0,0
241413,2020노1164,아동·청소년의성보호에관한법률위반(음란물제작·배포등)·성폭력범죄의처벌등에관한특례법위반(카메라등이용촬영)·아동·청소년의성보호에관한법률위반(성매수등),서울고등법원,2021-01-07,아동·청소년 성매수·성착취물 제작·불법촬영,camera,lawfirm,suspended,Guilty,2.5,,normal,True,1,0,0,1,1,0,0,0,0,0,1,0
225979,2019노3411,성폭력범죄의처벌등에관한특례법위반(카메라등이용촬영)·성매매알선등행위의처벌에관한법률위반(성매매알선등),부산지방법원,2020-01-10,카메라등이용촬영·성매매알선,camera,lawfirm,both,Guilty,1.0,,normal,False,1,0,0,0,0,0,0,0,1,0,0,0
213337,"2019고합141, 2019전고8(병합)","성폭력범죄의처벌등에관한특례법위반(13세미만미성년자준유사성행위), 성폭력범죄의처벌등에관한특례법위반(친족관계에의한준강제추행), 성폭력범죄의처벌등에관한특례법위반(13세미만미성년자준강제추행), 아동복지법위반",부산지방법원 동부지원,2019-12-10,13세미만 미성년자 준유사성행위·친족관계 준강제추행·아동복지법위반,indecent,public,imprisonment,Guilty,4.0,,normal,False,1,1,1,0,0,1,1,1,0,0,0,0
217183,2018노2934,강제추행(인정된죄명공연음란),창원지방법원,2019-05-16,강제추행(예비적 죄명 공연음란),indecent,lawfirm,fine,Guilty,,,,False,1,0,0,0,0,0,0,0,0,0,0,0
225053,"2018고합55, 2018전고4(병합), 2018보고2(병합)",성폭력범죄의처벌등에관한특례법위반(친족관계에의한강제추행)·성폭력범죄의처벌등에관한특례법위반(13세미만미성년자강제추행)·아동·청소년의성보호에관한법률위반(유사성행위)·아동복지법위반(아동학대)·부착명령·보호관찰명령,수원지방법원 여주지원,2019-02-14,친족관계 강제추행·13세미만 강제추행·유사성행위·아동학대,indecent,lawfirm,suspended,Guilty,7.5,,aggravated,True,1,1,0,0,0,0,1,1,0,0,0,0
209385,2017노477,강간·특수상해·상해·특수협박·협박·폭행,대전고등법원,2018-05-04,강간·특수상해·상해·특수협박·협박·폭행,rape,lawfirm,imprisonment,Guilty,1.5,,reduced,True,0,0,0,0,1,0,0,0,1,0,0,1
207182,2017고99,강간(인정된죄명:준강간),제2작전사령부 보통군사법원,2018-02-06,강간(인정죄명 준강간),rape,lawyer,imprisonment,Guilty,2.5,,reduced,True,1,0,1,0,0,0,0,1,0,0,0,0
222895,2016노1982,강제추행,서울동부지방법원,2017-06-29,강제추행,indecent,lawyer,fine,Guilty,,,,False,1,0,0,0,0,1,0,1,0,0,0,0
193131,2016노386,강간치상·강제추행치상·마약류관리에관한법률위반(향정),대구고등법원,2017-02-03,강간치상·강제추행치상·마약류관리법위반(향정),rape,lawyer,suspended,Guilty,3.0,,reduced,True,1,0,1,0,0,1,1,0,0,0,0,0
197630,2016노2386,성폭력범죄의처벌등에관한특례법위반(13세미만미성년자강제추행),서울고등법원,2016-12-02,성폭력처벌법위반(13세미만미성년자강제추행),indecent,public,suspended,Guilty,2.5,,normal,True,1,0,0,0,0,0,0,0,0,0,0,0
614591,"2015노106, 2015전노9(병합)","성폭력범죄의처벌등에관한특례법위반(장애인강간)(인정된 죄명 강간, 강간미수), 성폭력범죄의처벌등에관한특례법위반(장애인위계등간음), 성폭력범죄의처벌등에관한특례법위반(장애인강제추행)(인정된 죄명 강제추행), 부착명령",광주고등법원(제주),2016-03-16,장애인강간·강간·강간미수·장애인위계간음·장애인강제추행·강제추행·부착명령,rape,lawfirm,suspended,Guilty,3.0,,normal,True,0,0,1,0,0,1,0,1,0,1,0,1
184208,2015고단4415,성폭력범죄의처벌등에관한특례법위반(업무상위력등에의한추행),부산지방법원,2015-10-15,성폭력처벌법위반(업무상위력등에의한추행),indecent,,suspended,Guilty,0.5,,reduced,True,1,0,0,0,0,0,1,0,0,0,0,0
220235,2015고단141,준강제추행·성폭력범죄의처벌등에관한특례법위반(카메라등이용촬영),청주지방법원,2015-04-24,준강제추행·성폭력처벌법위반(카메라등이용촬영),camera,lawfirm,suspended,Guilty,0.5,,reduced,True,1,0,1,0,0,0,1,1,0,0,0,0
224233,2014노4413,성폭력범죄의처벌등에관한특례법위반(공중밀집장소에서의추행)(예비적죄명:강제추행미수),서울중앙지방법원,2015-04-24,성폭력처벌법위반(공중밀집장소추행)·강제추행미수,indecent,public,fine,Guilty,,,,False,1,0,0,0,0,0,0,0,0,0,0,0
609339,2024노3404,성폭력범죄의처벌등에관한특례법위반(카메라등이용촬영·반포등)·성폭력범죄의처벌등에관한특례법위반(허위영상물편집·반포등)·성폭력범죄의처벌등에관한특례법위반(비밀준수등),서울중앙지방법원,2025-04-29,성폭력범죄의처벌등에관한특례법위반(카메라등이용촬영,camera,lawyer,imprisonment,Guilty,6.0,,aggravated,False,0,0,0,1,0,0,1,0,0,0,0,0
618449,2024노1726,강제추행·성폭력범죄의처벌등에관한특례법위반(카메라등이용촬영·반포등),전주지방법원,2025-02-20,강제추행,indecent,lawfirm,suspended,Guilty,1.0,,normal,True,1,0,0,0,0,1,0,0,1,0,1,1
607197,2024노291,성폭력범죄의처벌등에관한특례법위반(촬영물등이용협박)·성폭력범죄의처벌등에관한특례법위반(카메라등이용촬영)·재물손괴·폭행,대구고등법원,2024-08-22,성폭력범죄의처벌등에관한특례법위반(촬영물등이용협박),camera,lawfirm,suspended,Guilty,1.0,,normal,True,0,0,0,1,0,1,1,0,0,0,0,0
240761,2022노1982,성폭력범죄의처벌및피해자보호등에관한법률위반(특수준강간),서울고등법원,2023-09-07,성폭력범죄의처벌및피해자보호등에관한법률위반(특수준강간),rape,lawfirm,suspended,Guilty,2.0,,reduced,True,1,0,1,0,0,0,0,1,0,1,0,1
240121,2022고합70,상해(인정된죄명:강간상해),제주지방법원,2023-02-02,상해(인정된죄명:강간상해),rape,lawyer,suspended,Guilty,2.5,,reduced,True,1,0,0,0,0,0,0,1,0,1,0,0
228997,"2019노320, 2019전노22(병합)",성폭력범죄의처벌등에관한특례법위반(13세미만미성년자강간)·미성년자의제강간·간음유인(일부인정된죄명:간음유인미수)·성폭력범죄의처벌등에관한특례법위반(통신매체이용음란)·부착명령,서울고등법원,2019-09-27,성폭력범죄의처벌등에관한특례법위반(13세미만미성년자강간),rape,lawfirm,imprisonment,Guilty,2.5,,reduced,True,1,0,1,0,0,1,1,0,0,0,1,0
225305,2019노197,성폭력범죄의처벌등에관한특례법위반(카메라등이용촬영)·협박·성폭력범죄의처벌등에관한특례법위반(통신매체이용음란)·정보통신망이용촉진및정보보호등에관한법률위반,인천지방법원,2019-07-05,성폭력범죄의처벌등에관한특례법위반(카메라등이용촬영),camera,,suspended,Guilty,0.5,,reduced,True,1,0,0,1,0,0,0,1,0,0,0,0
225071,2018노1332,성폭력범죄의처벌등에관한특례법위반(카메라등이용촬영),의정부지방법원,2019-03-28,성폭력범죄의처벌등에관한특례법위반(카메라등이용촬영),camera,lawfirm,fine,Guilty,,,,False,1,0,0,0,0,1,1,1,0,0,0,0
229023,"2018고합143, 2018전고11(병합)",성폭력범죄의처벌등에관한특례법위반(13세미만미성년자강간)미성년자의제강간·간음유인(일부인정된죄명간음유인미수)·성폭력범죄의처벌등에관한특례법위반(통신매체이용음란)·부착명령,인천지방법원 부천지원,2019-01-11,성폭력범죄의처벌등에관한특례법위반(13세미만미성년자강간)미성년자의제강간,rape,lawfirm,imprisonment,Guilty,2.5,,reduced,True,1,0,0,0,0,1,1,1,0,0,1,0
204551,2017노2202,성폭력범죄의처벌등에관한특례법위반(카메라등이용촬영)[일부인정된죄명성폭력범죄의처벌등에관한특례법위반(카메라등이용촬영)미수]·폭행,대전지방법원,2018-01-10,성폭력범죄의처벌등에관한특례법위반(카메라등이용촬영),camera,lawyer,suspended,Guilty,0.5,,reduced,True,1,0,0,1,0,0,0,0,0,1,0,0
198572,2017노1867,성폭력범죄의처벌등에관한특례법위반(카메라등이용촬영)·정보통신망이용촉진및정보보호등에관한법률위반(음란물유포),대전지방법원,2017-12-06,성폭력범죄의처벌등에관한특례법위반(카메라등이용촬영),camera,lawfirm,both,Guilty,1.0,,normal,False,0,0,0,1,0,0,1,1,0,0,0,0
197780,2015고합331,성폭력범죄의처벌등에관한특례법위반(13세미만미성년자강제추행),서울서부지방법원,2016-07-21,성폭력범죄의처벌등에관한특례법위반(13세미만미성년자강제추행),indecent,public,suspended,Guilty,2.5,,normal,True,1,0,0,0,0,0,0,0,0,0,0,0
182538,2015노2213,강제추행·폭행,의정부지법,2016-05-17,강제추행,indecent,lawyer,fine,Guilty,,,,False,1,0,0,0,0,0,0,1,0,0,0,1
214651,"2015노106, 2015전노9(병합)","성폭력범죄의처벌등에관한특례법위반(장애인강간)(인정된 죄명 강간, 강간미수), 성폭력범죄의처벌등에관한특례법위반(장애인위계등간음), 성폭력범죄의처벌등에관한특례법위반(장애인강제추행)(인정된 죄명 강제추행), 부착명령",광주고등법원(제주),2016-03-16,"성폭력범죄의처벌등에관한특례법위반(장애인강간)(인정된 죄명 강간, 강간미수), 성폭력범죄의처",rape,lawfirm,suspended,Guilty,3.0,,normal,True,0,0,1,0,0,1,0,1,0,1,0,1
606353,2024고합24,준강제추행·성폭력범죄의처벌등에관한특례법위반(카메라등이용촬영·반포등)·감금·강간·스토킹범죄의처벌등에관한법률위반·협박,수원지방법원 성남지원,2024-05-23,준강제추행,indecent,lawfirm,suspended,Guilty,4.0,,normal,True,1,0,1,0,0,0,0,1,0,0,0,1
240113,2023노17,상해(인정된죄명:강간상해),광주고등법원(제주),2023-07-26,상해(인정된죄명:강간상해),rape,lawyer,suspended,Guilty,2.5,,reduced,True,1,0,0,0,0,1,0,0,1,1,0,0
220041,2021노244,강간[인정된죄명성폭력범죄의처벌등에관한특례법위반(장애인강간)·예비적죄명심신미약자간음)·사기,서울고등법원,2021-07-08,강간[인정된죄명성폭력범죄의처,rape,lawfirm,imprisonment,Guilty,6.0,,normal,False,1,1,1,0,0,0,0,0,0,0,0,0
220387,"2020고합77, 159(병합), 171(병합), 270(병합), 316(병합), 2020전고6(병합), 2020초기918, 1208, 1209",강간치상·마약류관리에관한법률위반(향정)·성폭력범죄의처벌등에관한특례법위반(카메라등이용촬영)·강제추행·특정경범죄가중처벌등에관한법률위반(사기)·사기·공문서위조·위조공문서행사·부착명령·배상명령신청,울산지방법원,2021-01-22,강간치상,rape,public,suspended,Guilty,18.0,,aggravated,True,1,0,1,0,1,1,0,0,0,0,0,0
198486,2017노1622,강간미수·체포미수,서울고등법원,2017-12-05,강간미수,rape,lawfirm,suspended,Guilty,1.5,,reduced,True,0,0,0,0,0,0,0,0,0,1,0,0
193152,2016고합60,강간치상·강제추행치상·마약류관리에관한법률위반(향정),대구지방법원 서부지원,2016-06-23,강간치상,rape,lawyer,suspended,Guilty,2.5,,reduced,True,1,0,1,0,0,1,1,0,0,0,0,0
220207,2015노462,준강제추행·성폭력범죄의처벌등에관한특례법위반(카메라등이용촬영),청주지방법원,2015-12-11,준강제추행,indecent,lawfirm,suspended,Guilty,0.5,,reduced,True,1,0,1,0,0,0,1,0,0,0,0,0
612921,2024노3318,성폭력범죄의처벌등에관한특례법위반(친족관계에의한강간)·성폭력범죄의처벌등에관한특례법위반(친족관계에의한준강간)·성폭력범죄의처벌등에관한특례법위반(친족관계에의한강제추행)·특정범죄가중처벌등에관한법률위반(보복협박등)·특수폭행·스토킹범죄의처벌등에관한법률위반,서울고등법원,2025-04-24,성폭력범죄의처벌등에관한특례법위반(친족관계에의한강간),rape,lawyer,suspended,Guilty,23.0,,aggravated,True,1,1,1,0,0,1,0,0,0,0,0,0
618471,"2023고단1179, 2024고단1582(병합)",강제추행·성폭력범죄의처벌등에관한특례법위반(카메라등이용촬영·반포등),전주지방법원,2024-11-13,강제추행,indecent,lawfirm,imprisonment,Guilty,1.0,,normal,False,1,0,0,0,0,0,1,0,0,1,1,1
614593,2023노3763,성폭력범죄의처벌등에관한특례법위반(촬영물등이용협박)·스토킹범죄의처벌등에관한법률위반·주거침입·상관모욕,서울고법,2024-03-29,성폭력범죄의처벌등에관한특례법위반(촬영물등이용협박),camera,lawyer,suspended,Guilty,2.0,,normal,True,1,0,0,1,0,1,1,1,0,1,0,0
240625,"2023노130, 2023전노14(병합), 15(병합), 16(병합)",성폭력범죄의처벌등에관한특례법위반(친족관계에의한강간)·아동복지법위반(아동학대)·아동복지법위반(아동에대한음행강요·매개·성희롱등)·성폭력범죄의처벌등에관한특례법위반(13세미만미성년자유사성행위)·부착명령,부산고등법원(창원),2023-10-11,성폭력범죄의처벌등에관한특례법위반(친족관계에의한강간),rape,lawfirm,suspended,Guilty,3.5,,reduced,True,1,1,0,0,0,0,1,1,1,0,0,0
238485,2022노1401,성폭력범죄의처벌등에관한특례법위반(공중밀집장소에서의추행),서울동부지방법원,2023-09-08,성폭력범죄의처벌등에관한특례법위반(공중밀집장소에서의추행),indecent,lawfirm,,Guilty,,,,False,0,0,0,0,0,0,0,0,0,0,0,0
237209,2022노3389,성폭력범죄의처벌등에관한특례법위반(촬영물등이용협박)·성폭력범죄의처벌등에관한특례법위반(카메라등이용촬영)·협박·폭행,서울고법,2023-04-13,성폭력범죄의처벌등에관한특례법위반(촬영물등이용협박),camera,lawyer,imprisonment,Guilty,1.0,,reduced,True,1,0,0,1,1,1,1,0,0,0,0,0
234807,2022노834,성폭력범죄의처벌등에관한특례법위반(주거침입강제추행),수원고등법원,2022-12-06,성폭력범죄의처벌등에관한특례법위반(주거침입강제추행),indecent,public,imprisonment,Guilty,4.0,,aggravated,False,0,0,0,0,0,0,0,0,0,0,0,0
233291,2022노1599,아동·청소년의성보호에관한법률위반(강간등치상)[인정된죄명아동·청소년의성보호에관한법률위반(위계등간음)·아동·청소년의성보호에관한법률위반(준강간)],서울고등법원,2022-11-08,청소년의성보호에관한법률위반(강간등치상),rape,public,suspended,Guilty,3.0,,reduced,True,1,0,1,0,0,1,1,1,0,0,0,1
220283,2021노824,미성년자의제강간,수원고법,2022-04-15,미성년자의제강간,rape,lawyer,suspended,Guilty,2.5,,reduced,True,1,0,0,0,0,1,0,0,0,0,0,0
231031,"2021노2006, 2021초기438",성폭력범죄의처벌등에관한특례법위반(주거침입강제추행)·성폭력범죄의처벌등에관한특례법위반(카메라등이용촬영·반포등)·성폭력범죄의처벌등에관한특례법위반(카메라등이용촬영물소지등)·공연음란·위헌심판제청,서울고등법원,2022-03-10,성폭력범죄의처벌등에관한특례법위반(주거침입강제추행),indecent,lawfirm,suspended,Guilty,3.0,,normal,True,1,0,0,0,0,1,1,0,0,0,0,0
233355,2021고합349,성폭력범죄의처벌등에관한특례법위반(촬영물등이용협박)·성폭력범죄의처벌등에관한특례법위반(카메라등이용촬영·반포등)·성폭력범죄의처벌등에관한특례법위반(촬영물등이용강요)·공갈미수,서울북부지방법원,2022-02-08,성폭력범죄의처벌등에관한특례법위반(촬영물등이용협박),camera,lawyer,both,Guilty,1.5,,normal,False,1,0,0,1,0,0,1,0,0,1,0,0
213435,2020노481,성폭력범죄의처벌등에관한특례법위반(카메라등이용촬영),의정부지방법원,2020-07-16,성폭력범죄의처벌등에관한특례법위반(카메라등이용촬영),camera,public,imprisonment,Guilty,1.5,,normal,False,1,0,0,0,0,0,0,0,0,0,0,0
237097,2019노2215,성폭력범죄의처벌등에관한특례법위반(카메라등이용촬영),의정부지방법원,2020-02-06,성폭력범죄의처벌등에관한특례법위반(카메라등이용촬영),camera,public,suspended,Guilty,0.5,,reduced,True,1,0,0,0,0,0,1,0,0,0,0,0
225727,2019노335,성폭력범죄의처벌등에관한특례법위반(특수강제추행)(인정된죄명:강제추행),대구고등법원,2019-11-21,성폭력범죄의처벌등에관한특례법위반(특수강제추행)(인정된죄명:강제추행),indecent,lawyer,fine,Guilty,,,,False,1,0,1,0,0,1,1,1,1,0,0,0
207129,2018고단3585,강제추행,서울서부지법,2019-04-17,강제추행,indecent,lawfirm,imprisonment,Guilty,0.6666666666666666,,reduced,True,1,0,0,0,0,0,1,0,0,0,0,1
200533,2018노609,성폭력범죄의처벌등에관한특례법위반(카메라등이용촬영),부산지법,2018-07-06,성폭력범죄의처벌등에관한특례법위반(카메라등이용촬영),camera,,fine,Guilty,,,,False,0,0,0,1,0,0,1,0,0,0,0,0
197632,"2016노1882, 2016전노130(병합)",강간(예비적죄명:강제추행)·협박·특수협박·부착명령,서울고등법원,2016-09-29,강간(예비적죄명:강제추행),rape,public,imprisonment,Guilty,0.6666666666666666,,reduced,True,1,1,1,0,0,0,1,0,0,0,0,0
184047,2015노24,성폭력범죄의처벌등에관한특례법위반(카메라등이용촬영),춘천지방법원,2016-04-20,성폭력범죄의처벌등에관한특례법위반(카메라등이용촬영),camera,lawfirm,both,Guilty,,,,False,0,0,0,1,0,0,0,0,0,0,0,0
182657,(청주)2015노18,강간·마약류관리에관한법률위반(향정),대전고등법원,2015-07-09,강간,rape,lawfirm,imprisonment,Guilty,2.5,,reduced,True,1,0,1,0,0,0,0,1,0,1,0,0
