"","outcome","lawyer","punishment","month","demage","repeated","reflection","conceal","settlement","restitution","crime"
"1",1,NA,NA,18,948638955,0,1,1,1,1,"fraud"
"2",NA,NA,NA,30,NA,0,0,1,0,0,"fraud"
"3",0,"lawfirm","both",18,4.6e+07,0,1,1,0,0,"fraud"
"4",NA,NA,NA,24,NA,0,0,1,0,0,"fraud"
"5",0,"lawfirm","imprisonment",72,569600000,0,0,1,0,0,"fraud"
"6",NA,"lawyer",NA,NA,46800000,0,0,1,0,0,"fraud"
"7",NA,"lawyer","imprisonment",NA,NA,0,0,1,0,0,"fraud"
"8",1,"lawyer",NA,24,687174550,0,0,1,0,0,"fraud"
"9",0,"lawyer","suspended",12,150375925,0,1,0,0,1,"fraud"
"10",0,"lawyer","both",60,2.211e+09,0,0,1,0,0,"fraud"
"11",NA,"lawyer",NA,NA,NA,0,0,0,0,1,"fraud"
"12",0,"lawyer","suspended",18,149814163,0,1,0,1,0,"fraud"
"13",NA,"lawfirm",NA,NA,4e+08,0,1,0,1,0,"fraud"
"14",0,"lawfirm","both",36,4799302284,0,0,0,0,0,"fraud"
"15",1,"lawyer","both",30,19472635690,0,1,0,1,0,"fraud"
"16",1,"lawfirm","suspended",12,1174273492,0,0,0,0,0,"fraud"
"17",NA,"lawfirm",NA,NA,1.028e+09,0,0,0,1,1,"fraud"
"18",NA,"lawyer","suspended",6,NA,0,0,0,0,0,"fraud"
"19",0,"lawfirm","imprisonment",108,4.903e+09,0,1,1,0,0,"fraud"
"20",0,"lawfirm","suspended",62,5.35e+09,0,0,0,0,1,"fraud"
"21",NA,"lawfirm",NA,NA,5e+06,0,1,0,0,0,"fraud"
"22",NA,"lawyer",NA,NA,NA,0,0,0,0,0,"fraud"
"23",NA,"lawyer",NA,NA,NA,0,0,0,0,0,"fraud"
"24",NA,"lawfirm",NA,NA,198700000,0,0,0,0,0,"fraud"
"25",0,"lawfirm","both",48,136300000,0,0,1,1,1,"fraud"
"26",NA,NA,NA,NA,NA,0,0,0,0,0,"fraud"
"27",0,"lawfirm","both",48,46100000,0,0,0,0,0,"fraud"
"28",1,"lawfirm","both",18,1.7e+09,0,0,0,0,0,"fraud"
"29",NA,"public","imprisonment",34,NA,1,0,0,0,0,"fraud"
"30",NA,"lawyer","imprisonment",20,NA,0,0,0,1,0,"fraud"
"31",NA,"lawfirm",NA,NA,NA,0,0,0,0,0,"fraud"
"32",0,"public","suspended",34,5680000,1,0,0,0,0,"fraud"
"33",0,"public","imprisonment",14,130000,1,0,0,1,0,"fraud"
"34",1,"lawfirm","suspended",12,2.5e+09,0,0,0,0,0,"fraud"
"35",0,"public","suspended",30,23123500,1,0,0,0,0,"fraud"
"36",0,"lawyer","imprisonment",24,2.1e+08,0,0,0,0,0,"fraud"
"37",1,"lawyer","both",30,6e+08,0,0,0,0,0,"fraud"
"38",NA,NA,NA,NA,NA,0,0,0,0,0,"fraud"
"39",NA,NA,NA,NA,NA,0,0,0,0,0,"fraud"
"40",NA,"lawyer","suspended",NA,1.1e+10,0,0,0,0,0,"fraud"
"41",0,"lawfirm","both",24,93650000,0,0,0,0,0,"fraud"
"42",NA,"lawyer","imprisonment",NA,NA,0,0,0,0,0,"fraud"
"43",NA,"public","suspended",4,NA,0,1,0,0,0,"fraud"
"44",NA,"lawfirm","fine",NA,9862989,0,0,0,0,0,"fraud"
"45",NA,"lawfirm",NA,NA,NA,0,0,0,0,0,"fraud"
"46",NA,"lawyer","suspended",24,NA,0,0,0,0,0,"fraud"
"47",NA,"lawyer","both",NA,5e+07,0,0,0,0,0,"fraud"
"48",NA,"lawfirm","both",36,NA,0,0,0,0,0,"fraud"
"49",NA,"lawyer","imprisonment",180,NA,0,0,0,0,0,"fraud"
"50",NA,"lawfirm",NA,NA,NA,0,0,0,0,0,"fraud"
"51",NA,"lawfirm","imprisonment",NA,NA,0,0,0,0,0,"fraud"
"52",NA,"lawyer",NA,NA,NA,0,0,0,0,0,"fraud"
"53",NA,"lawyer",NA,NA,1780000,0,0,0,0,0,"fraud"
"54",NA,NA,NA,NA,2e+05,0,0,0,0,0,"fraud"
"55",NA,NA,"fine",NA,18470704,0,0,0,0,0,"fraud"
"56",0,"lawyer","imprisonment",18,8e+05,0,0,0,0,0,"fraud"
"57",NA,"lawyer","imprisonment",NA,7.5e+09,0,0,0,0,0,"fraud"
"58",1,"lawyer","suspended",8,1.21e+08,0,0,0,0,0,"fraud"
"59",1,"public","suspended",18,3101939295,0,1,0,1,0,"fraud"
"60",NA,"lawfirm",NA,NA,NA,0,0,0,0,0,"fraud"
"61",0,"lawyer","suspended",84,22110000,0,1,0,0,0,"fraud"
"62",1,"lawfirm","imprisonment",8,1.48e+08,0,1,0,1,0,"fraud"
"63",1,"lawfirm","both",30,13785266130,0,1,0,0,1,"fraud"
"64",1,"lawfirm","suspended",18,6.75e+09,0,0,0,1,1,"fraud"
"65",1,"lawfirm","suspended",6,772635620,0,0,0,0,0,"fraud"
"66",0,"lawfirm","suspended",6,9900000,0,0,0,1,0,"fraud"
"67",0,"lawyer","suspended",36,2.603e+10,0,0,0,0,0,"fraud"
"68",0,"lawfirm","suspended",18,448633200,0,0,0,0,0,"fraud"
"69",NA,"lawfirm",NA,NA,NA,0,0,0,0,0,"fraud"
"70",0,"public","both",18,1e+07,0,0,0,0,0,"fraud"
"71",NA,"lawfirm",NA,NA,NA,0,0,0,0,0,"fraud"
"72",NA,"public","imprisonment",NA,NA,0,0,0,0,0,"fraud"
"73",NA,"lawyer","imprisonment",NA,NA,0,0,0,0,0,"fraud"
"74",NA,"lawyer",NA,NA,NA,0,0,0,0,0,"fraud"
"75",0,"lawyer","both",12,1.35e+08,0,0,0,1,1,"fraud"
"76",0,"lawyer","suspended",60,1849509358,0,0,1,1,0,"fraud"
"77",NA,"lawfirm","imprisonment",NA,NA,0,0,0,0,1,"fraud"
"78",1,"public","suspended",8,132900000,0,0,0,0,0,"fraud"
"79",NA,"lawyer",NA,NA,NA,0,0,0,0,0,"fraud"
"80",NA,"lawyer","imprisonment",10,NA,0,0,0,0,0,"fraud"
"81",0,"lawyer","imprisonment",42,2014003238,0,0,1,0,0,"fraud"
"82",NA,"lawfirm",NA,NA,3.454e+09,0,0,0,0,1,"fraud"
"83",NA,"lawyer",NA,NA,1200000,0,0,0,0,0,"fraud"
"84",0,"public","both",8,2.1e+07,0,1,0,0,0,"fraud"
"85",1,NA,"imprisonment",10,1e+08,0,0,0,0,0,"fraud"
"86",NA,"lawyer","suspended",6,NA,0,0,0,0,0,"fraud"
"87",0,"lawyer","suspended",6,5e+07,0,1,0,1,1,"fraud"
"88",0,"lawyer","suspended",60,4698000008,0,0,1,0,0,"fraud"
"89",NA,"lawyer","both",NA,NA,0,1,0,0,0,"fraud"
"90",NA,"lawfirm",NA,NA,NA,0,0,0,0,0,"fraud"
"91",NA,"lawfirm","imprisonment",NA,5e+09,0,0,0,1,0,"fraud"
"92",NA,"lawyer","suspended",NA,10673280,0,0,0,0,0,"fraud"
"93",1,"lawfirm","suspended",24,1123900000,0,1,0,0,0,"fraud"
"94",NA,"lawfirm","imprisonment",NA,NA,0,0,0,0,0,"fraud"
"95",NA,"lawfirm",NA,NA,NA,0,0,0,0,0,"fraud"
"96",NA,"lawyer",NA,NA,NA,0,0,0,0,0,"fraud"
"97",NA,"lawfirm",NA,NA,NA,0,0,0,0,0,"fraud"
"98",0,"public","imprisonment",48,1.37e+10,1,0,0,0,0,"fraud"
"99",NA,"lawfirm","both",180,NA,0,0,0,0,0,"fraud"
"100",0,"public","imprisonment",8,6e+05,0,0,0,1,0,"fraud"
"101",0,"public","both",18,91200000,0,0,0,0,0,"fraud"
"102",NA,NA,"imprisonment",10,NA,0,0,0,0,0,"fraud"
"103",1,"lawfirm","suspended",8,5.4e+08,0,0,0,1,0,"fraud"
"104",NA,"lawyer","both",14,NA,1,0,0,0,0,"fraud"
"105",NA,"lawyer","imprisonment",NA,NA,0,0,0,0,0,"fraud"
"106",0,"public","imprisonment",18,2e+08,0,0,0,0,0,"fraud"
"107",0,"lawfirm","suspended",36,31784292307,0,0,1,0,1,"fraud"
"108",0,"lawyer","both",120,4e+09,0,0,0,0,0,"fraud"
"109",1,"lawfirm","both",30,2.369e+09,0,0,0,0,0,"fraud"
"110",NA,"public",NA,NA,NA,0,0,0,0,0,"fraud"
"111",0,"public","both",8,3.8e+07,0,0,0,1,1,"fraud"
"112",0,"public","imprisonment",18,1e+08,1,0,0,0,0,"fraud"
"113",NA,"lawfirm",NA,NA,NA,0,0,0,0,0,"fraud"
"114",NA,"lawyer","imprisonment",NA,NA,0,0,0,0,0,"fraud"
"115",NA,"lawfirm","suspended",NA,NA,0,0,1,0,0,"fraud"
"116",NA,"lawfirm","imprisonment",NA,NA,0,0,0,0,1,"fraud"
"117",NA,"lawfirm","imprisonment",NA,NA,0,0,1,0,0,"fraud"
"118",1,NA,"suspended",12,1e+09,0,0,0,0,1,"fraud"
"119",NA,"lawyer",NA,NA,NA,0,0,0,0,0,"fraud"
"120",0,"lawfirm","suspended",24,163244440,0,0,0,0,0,"fraud"
"121",0,"lawfirm","both",36,7.2e+09,0,0,0,1,0,"fraud"
"122",NA,"lawyer","imprisonment",NA,NA,0,0,0,0,0,"fraud"
"123",NA,"lawfirm",NA,NA,9e+06,0,0,0,0,0,"fraud"
"124",NA,"lawfirm",NA,NA,3101939295,0,1,0,0,0,"fraud"
"125",NA,"lawyer",NA,NA,5e+07,0,0,0,0,0,"fraud"
"126",NA,"lawyer","suspended",30,NA,0,1,0,0,0,"fraud"
"127",NA,"lawyer","suspended",28,NA,0,0,0,0,0,"fraud"
"128",NA,"lawfirm",NA,NA,46866593,0,0,0,0,0,"fraud"
"129",0,"lawfirm","both",36,3e+08,0,0,0,1,0,"fraud"
"130",0,"lawfirm","suspended",36,258052791,0,1,0,0,0,"fraud"
"131",0,"lawyer","suspended",24,3e+08,0,0,0,0,0,"fraud"
"132",NA,"lawfirm",NA,NA,1e+08,0,0,0,0,0,"fraud"
"133",0,"lawfirm","suspended",36,1074246510,0,0,1,0,0,"fraud"
"134",NA,"lawfirm",NA,NA,9.8e+08,0,0,0,0,0,"fraud"
"135",NA,"lawyer",NA,NA,61063965,0,0,0,0,0,"fraud"
"136",0,"lawfirm","imprisonment",120,71816780000,0,0,0,0,0,"fraud"
"137",0,"lawfirm","both",48,891210000,0,1,0,0,0,"fraud"
"138",0,"lawyer","imprisonment",36,547600000,0,0,0,0,0,"fraud"
"139",0,"lawfirm","suspended",12,4696000,0,1,0,0,0,"fraud"
"140",NA,"lawfirm",NA,NA,NA,0,0,0,0,0,"fraud"
"141",0,"lawfirm","suspended",42,831600000,0,0,0,0,0,"fraud"
"142",NA,"lawyer","imprisonment",84,NA,1,0,0,1,0,"fraud"
"143",0,"public","both",24,5.6e+07,0,0,0,0,0,"fraud"
"144",1,"lawyer","both",8,1.35e+08,0,0,1,1,0,"fraud"
"145",NA,"public","suspended",16,NA,0,1,0,1,0,"fraud"
"146",NA,"lawyer","suspended",12,NA,0,1,0,0,0,"fraud"
"147",0,"lawfirm","both",144,7.54e+10,1,0,0,0,0,"fraud"
"148",NA,"lawyer",NA,NA,NA,0,0,0,0,0,"fraud"
"149",NA,"lawyer",NA,NA,NA,0,0,0,0,1,"fraud"
"150",0,"lawfirm","suspended",48,1849509358,0,0,1,1,1,"fraud"
"151",0,"lawfirm","suspended",12,650000,0,0,0,0,0,"fraud"
"152",0,"lawfirm","suspended",12,650000,0,0,0,0,0,"fraud"
"153",0,"lawyer","suspended",6,30563730,0,0,0,0,0,"fraud"
"154",0,"lawyer","imprisonment",48,2014003238,0,0,0,0,0,"fraud"
"155",NA,"lawyer","imprisonment",NA,5.75e+08,0,0,0,0,0,"fraud"
"156",1,"lawfirm","imprisonment",18,5.35e+09,0,0,0,0,0,"fraud"
"157",0,NA,"suspended",6,4e+07,0,0,0,0,0,"fraud"
"158",0,"lawfirm","imprisonment",36,4799302284,0,0,0,0,0,"fraud"
"159",1,"lawfirm","suspended",4,29997718,0,1,0,0,1,"fraud"
"160",NA,"lawyer",NA,NA,NA,0,0,0,0,0,"fraud"
"161",NA,"lawyer","imprisonment",48,NA,0,0,0,0,0,"fraud"
"162",0,"public","imprisonment",12,1e+08,0,0,0,1,0,"fraud"
"163",NA,"public","fine",NA,NA,0,0,0,0,0,"fraud"
"164",0,"lawfirm","suspended",72,111781141,0,0,0,0,1,"fraud"
"165",NA,"public","fine",NA,NA,0,0,0,0,0,"fraud"
"166",NA,"lawfirm",NA,NA,1475368000,0,1,0,0,0,"fraud"
"167",0,"lawfirm","both",18,211601030,0,0,0,0,0,"fraud"
"168",0,NA,"imprisonment",10,6.1e+07,0,0,0,0,0,"fraud"
"169",NA,"public","imprisonment",12,NA,0,0,0,0,0,"fraud"
"170",0,"lawfirm","both",42,1e+10,0,1,1,0,1,"fraud"
"171",NA,"lawfirm","both",NA,NA,0,0,0,0,0,"fraud"
"172",NA,"lawyer","both",NA,NA,0,0,1,0,0,"fraud"
"173",0,"lawfirm","suspended",48,5217684306,0,1,1,0,1,"fraud"
"174",NA,"lawfirm",NA,NA,1.62e+08,0,0,0,0,0,"fraud"
"175",NA,"lawyer","imprisonment",NA,NA,0,0,0,1,0,"fraud"
"176",NA,"lawyer",NA,NA,3808610,0,0,0,0,0,"fraud"
"177",NA,NA,NA,NA,NA,0,0,0,0,0,"fraud"
"178",0,"lawfirm","both",12,261200000,0,0,1,0,0,"fraud"
"179",0,"lawyer","suspended",30,4.5e+07,0,0,0,0,0,"fraud"
"180",0,"lawfirm","imprisonment",96,71816780000,0,0,0,0,0,"fraud"
"181",1,"lawfirm","imprisonment",8,1.5e+09,0,0,0,0,0,"fraud"
"182",NA,"lawyer","imprisonment",NA,5e+06,0,0,0,0,0,"fraud"
"183",1,"lawfirm","both",14,6e+08,0,0,0,0,0,"fraud"
"184",0,"public","suspended",36,3e+08,0,1,0,1,0,"fraud"
"185",0,"public","both",24,289120000,0,0,0,0,0,"fraud"
"186",NA,NA,NA,NA,NA,0,0,0,0,0,"fraud"
"187",0,"lawfirm","suspended",15,4.7e+08,0,1,0,0,0,"fraud"
"188",0,"lawfirm","imprisonment",48,2467074140,0,1,0,0,0,"fraud"
"189",1,"lawfirm","suspended",30,1.1e+09,0,1,0,1,0,"fraud"
"190",NA,"lawfirm",NA,NA,2.5e+08,0,0,0,0,0,"fraud"
"191",1,"lawfirm","suspended",30,1.273e+11,0,0,1,0,0,"fraud"
"192",0,"lawyer","imprisonment",36,17915083700,0,0,0,0,0,"fraud"
"193",NA,"lawfirm","imprisonment",NA,831600000,0,0,0,0,0,"fraud"
"194",NA,"lawfirm",NA,NA,11629255934,0,0,0,0,0,"fraud"
"195",NA,"lawyer",NA,NA,NA,0,0,0,0,0,"fraud"
"196",NA,"lawfirm",NA,NA,2e+09,0,0,0,0,0,"fraud"
"197",NA,"lawfirm","fine",NA,1e+08,0,0,0,0,0,"fraud"
"198",0,"public","suspended",6,3e+07,0,0,0,0,0,"fraud"
"199",1,"lawfirm","suspended",8,7.35e+08,0,0,0,0,0,"fraud"
"200",NA,"lawfirm","imprisonment",NA,1107983180,0,0,0,0,0,"fraud"
"201",NA,"lawfirm",NA,NA,122233535248,0,0,0,1,0,"fraud"
"202",NA,"lawyer",NA,NA,NA,0,0,0,0,0,"fraud"
"203",NA,"lawfirm",NA,NA,3.5e+09,0,0,0,0,0,"fraud"
"204",0,"lawyer","suspended",90,1.1e+08,0,0,0,0,0,"fraud"
"205",0,"lawfirm","both",8,1500000,0,1,0,1,0,"fraud"
"206",NA,"lawyer",NA,NA,NA,0,0,0,0,0,"fraud"
"207",0,"lawfirm","suspended",6,5.3e+07,0,0,0,0,0,"fraud"
"208",1,"public","suspended",10,6e+08,0,1,0,1,1,"fraud"
"209",NA,"lawyer","imprisonment",NA,NA,0,0,0,0,0,"fraud"
"210",1,"lawfirm","suspended",30,19773830000,0,0,0,0,0,"fraud"
"211",NA,"lawyer","suspended",NA,3e+06,0,0,0,0,0,"fraud"
"212",NA,"lawfirm","imprisonment",24,NA,0,0,0,0,0,"fraud"
"213",0,"lawfirm","suspended",6,14853000,0,0,0,0,0,"fraud"
"214",NA,"lawfirm","suspended",NA,3.6e+09,0,0,0,1,0,"fraud"
"215",NA,"lawyer","fine",NA,8.4e+09,0,0,0,0,0,"fraud"
"216",0,"lawfirm","suspended",36,8e+08,0,0,0,0,0,"fraud"
"217",NA,"public","both",14,NA,1,1,0,0,0,"fraud"
"218",0,"lawyer","both",48,145625000,0,1,1,0,0,"fraud"
"219",0,"public","both",18,1.5e+07,0,1,0,1,0,"fraud"
"220",NA,"lawfirm","both",NA,5217684306,0,0,0,0,0,"fraud"
"221",0,"lawyer","both",60,419021300,0,1,1,0,1,"fraud"
"222",NA,"lawfirm","suspended",NA,NA,0,0,0,0,0,"fraud"
"223",NA,"lawyer","suspended",12,NA,0,0,0,0,0,"fraud"
"224",NA,"lawyer",NA,NA,NA,0,0,1,0,0,"fraud"
"225",NA,"lawfirm",NA,NA,2578378320,0,0,0,0,0,"fraud"
"226",NA,"lawyer",NA,NA,NA,0,0,0,0,0,"fraud"
"227",0,"lawfirm","imprisonment",144,5.25e+08,0,1,1,1,0,"fraud"
"228",1,"lawfirm","suspended",12,793350520,0,0,0,0,0,"fraud"
"229",NA,NA,NA,NA,NA,0,0,0,0,0,"fraud"
"230",0,"lawyer","suspended",6,3e+06,0,0,0,1,1,"fraud"
"231",NA,"lawfirm","imprisonment",NA,5.4e+07,0,0,0,0,0,"fraud"
"232",0,"lawfirm","suspended",204,5.25e+08,0,0,1,1,0,"fraud"
"233",NA,"lawfirm","suspended",60,NA,0,0,0,1,0,"fraud"
"234",NA,"lawfirm","suspended",16,NA,0,0,0,0,0,"fraud"
"235",NA,"public",NA,NA,NA,0,0,0,0,0,"fraud"
"236",NA,"lawfirm",NA,NA,NA,0,0,0,0,0,"fraud"
"237",NA,"lawyer","imprisonment",NA,NA,0,0,0,0,0,"fraud"
"238",0,"lawfirm","suspended",12,206302320,0,0,0,0,0,"fraud"
"239",0,"lawyer","suspended",84,6.7e+09,0,0,0,0,0,"fraud"
"240",0,"public","both",12,89120000,0,1,0,0,0,"fraud"
"241",NA,"lawyer",NA,NA,2.1e+07,0,0,0,0,0,"fraud"
"242",0,"lawyer","suspended",12,269526760,0,0,0,0,0,"fraud"
"243",NA,"lawyer","suspended",48,NA,0,0,0,0,0,"fraud"
"244",0,"lawfirm","suspended",12,169526760,0,0,0,0,0,"fraud"
"245",0,"lawfirm","imprisonment",24,102647315,0,0,0,0,0,"fraud"
"246",NA,"lawfirm","imprisonment",72,NA,1,1,0,1,1,"fraud"
"247",0,"lawfirm","imprisonment",24,102647315,0,0,0,0,0,"fraud"
"248",0,"public","imprisonment",18,11300000,0,0,0,1,0,"fraud"
"249",0,"public","imprisonment",36,NA,1,1,0,1,1,"theft"
"250",1,"public","suspended",18,1260000,1,1,0,0,0,"theft"
"251",1,"lawyer","suspended",8,NA,0,0,1,0,1,"theft"
"252",0,"lawyer","imprisonment",NA,6000,1,0,0,0,0,"theft"
"253",0,"public","imprisonment",12,NA,1,1,0,0,0,"theft"
"254",1,"public","suspended",24,NA,1,1,0,0,0,"theft"
"255",0,"lawyer","imprisonment",NA,NA,0,0,0,0,0,"theft"
"256",1,"lawyer","suspended",60,111360900,1,0,0,0,0,"theft"
"257",1,"public","suspended",24,NA,1,0,1,1,1,"theft"
"258",0,"lawyer","imprisonment",NA,NA,0,0,0,0,0,"theft"
"259",0,"public","imprisonment",7,5200,1,1,0,0,0,"theft"
"260",0,"public","imprisonment",8,5200,1,1,0,0,0,"theft"
"261",1,"lawyer","suspended",NA,29700000,1,0,0,0,0,"theft"
"262",0,"lawyer","imprisonment",NA,NA,1,0,0,0,0,"theft"
"263",0,"public","imprisonment",10,260000,1,1,0,0,0,"theft"
"264",0,"lawyer","imprisonment",NA,NA,1,0,0,0,0,"theft"
"265",0,"lawyer","imprisonment",NA,NA,0,0,0,0,0,"theft"
"266",0,"lawfirm","imprisonment",60,1637083700,0,1,1,0,1,"theft"
"267",0,"public","imprisonment",48,8404000,1,1,0,1,0,"theft"
"268",0,"lawyer","imprisonment",NA,NA,0,0,0,0,0,"theft"
"269",0,"lawfirm","imprisonment",NA,NA,0,0,0,0,0,"theft"
"270",1,"public","suspended",12,29700000,1,1,0,1,0,"theft"
"271",1,"lawyer","suspended",12,NA,0,1,0,0,0,"theft"
"272",0,"lawyer","imprisonment",NA,1637083700,0,1,1,0,1,"theft"
"273",0,"public","imprisonment",48,8404000,1,1,0,1,0,"theft"
"274",1,"public","suspended",6,189800,0,1,1,1,1,"theft"
"275",0,"lawyer","imprisonment",NA,NA,1,0,0,0,0,"theft"
"276",0,"public","imprisonment",8,509000,0,1,0,0,1,"theft"
"277",0,"lawyer","imprisonment",NA,NA,0,0,0,0,0,"theft"
"278",1,"lawyer","suspended",18,948638955,0,1,1,1,1,"breach"
"279",NA,"lawfirm","suspended",30,NA,0,0,1,0,0,"breach"
"280",0,"lawyer","suspended",18,4.6e+07,0,1,1,0,0,"breach"
"281",NA,"lawfirm","imprisonment",24,NA,0,0,1,0,0,"breach"
"282",0,"lawyer","suspended",72,569600000,0,0,1,0,0,"breach"
"283",NA,"lawyer","imprisonment",NA,46800000,0,0,1,0,0,"breach"
"284",NA,"lawfirm","imprisonment",NA,NA,0,0,1,0,0,"breach"
"285",1,"lawfirm","suspended",24,687174550,0,0,1,0,0,"breach"
"286",1,"lawyer","suspended",12,150375925,0,1,0,0,1,"breach"
"287",0,"lawfirm","imprisonment",60,2.211e+09,0,0,1,0,0,"breach"
"288",0,"lawfirm","suspended",36,4022483100,0,0,1,0,1,"breach"
"289",0,"lawfirm","suspended",12,2035810,0,1,1,0,0,"breach"
"290",0,"lawyer","suspended",6,1e+06,0,0,1,0,0,"breach"
"291",0,"lawfirm","suspended",36,4999370000,0,1,1,0,1,"breach"
"292",1,"lawyer","suspended",10,131540175,0,1,1,0,1,"breach"
"293",NA,"lawfirm","both",NA,5e+06,0,0,1,0,0,"breach"
"294",NA,"lawyer","both",NA,372136300,0,0,1,0,0,"breach"
"295",NA,"lawyer","suspended",NA,8e+09,0,0,1,0,1,"breach"
"296",0,"lawfirm","suspended",12,75284671,0,0,1,0,1,"breach"
"297",1,NA,"suspended",12,479615000,0,1,1,0,0,"breach"
"298",NA,"lawyer","both",NA,NA,0,0,1,0,0,"breach"
"299",NA,"lawyer","imprisonment",NA,849121368,0,0,0,0,0,"breach"
"300",1,"lawyer","suspended",18,3884545625,0,0,1,0,1,"breach"
"301",1,"lawfirm","imprisonment",36,6188232232,0,0,1,1,1,"breach"
"302",0,"lawfirm","imprisonment",42,1883700000,0,1,1,0,1,"breach"
"303",1,"lawfirm","suspended",10,981475940,0,0,1,0,0,"breach"
"304",0,"lawfirm","both",60,1.5e+08,0,0,1,0,0,"breach"
"305",NA,"lawyer","both",NA,350000,0,0,1,0,0,"breach"
"306",NA,"lawfirm","both",NA,NA,0,0,0,0,0,"breach"
"307",NA,"lawfirm","suspended",NA,NA,0,0,0,0,0,"breach"
"308",NA,"lawfirm","imprisonment",NA,9e+08,0,0,1,0,0,"breach"
"309",NA,"lawfirm","suspended",24,NA,0,1,1,0,0,"breach"
"310",1,"lawfirm","suspended",42,57109181555,0,0,1,0,1,"breach"
"311",NA,"lawyer","imprisonment",NA,NA,0,0,1,0,0,"breach"
"312",NA,"lawfirm","suspended",NA,302911570,0,0,1,0,1,"breach"
"313",NA,"lawyer","imprisonment",NA,NA,0,0,1,0,0,"breach"
"314",NA,"lawfirm","both",NA,NA,0,0,1,0,0,"breach"
"315",NA,"lawyer","imprisonment",NA,NA,0,0,0,0,0,"breach"
"316",0,"public","suspended",17,124695000,0,1,1,0,1,"breach"
"317",NA,"public","imprisonment",28,NA,1,1,1,1,1,"breach"
"318",0,"lawfirm","suspended",72,569600000,0,0,1,0,0,"breach"
"319",NA,"lawfirm","suspended",8,NA,0,0,1,0,0,"breach"
"320",0,"lawyer","suspended",8,46800000,0,0,1,0,0,"breach"
"321",NA,"lawyer","imprisonment",NA,NA,0,0,1,0,0,"breach"
"322",NA,"lawyer","suspended",NA,NA,0,0,1,0,0,"breach"
"323",1,"lawfirm","suspended",48,5771358000,0,0,1,0,1,"breach"
"324",NA,"lawyer","both",NA,NA,0,0,1,0,0,"breach"
"325",NA,"lawfirm","imprisonment",216,NA,0,0,1,0,0,"breach"
"326",1,"lawfirm","suspended",18,687174550,0,0,1,0,0,"breach"
"327",NA,"lawyer","imprisonment",NA,NA,0,0,1,0,0,"breach"
"328",NA,"lawfirm","imprisonment",NA,NA,0,0,1,0,0,"breach"
"329",NA,"lawfirm","imprisonment",NA,NA,0,0,1,0,0,"breach"
"330",0,"lawfirm","suspended",72,20920767193,0,0,1,0,0,"breach"
"331",0,"lawyer","imprisonment",30,6.55e+08,0,0,1,0,1,"breach"
"332",NA,"lawfirm","suspended",NA,NA,0,0,1,0,0,"breach"
"333",NA,"lawyer","both",NA,1.94e+09,0,0,1,0,0,"breach"
"334",NA,"lawfirm","suspended",NA,NA,0,0,0,0,0,"breach"
"335",NA,"lawfirm","both",NA,NA,0,0,1,0,0,"breach"
"336",NA,"lawfirm","suspended",NA,1576690656,0,0,1,0,0,"breach"
"337",NA,"lawfirm","suspended",NA,4.44e+10,0,0,1,0,0,"breach"
"338",NA,"lawyer","suspended",18,NA,0,0,1,0,0,"breach"
"339",NA,"lawyer","both",NA,NA,0,0,1,0,0,"breach"
"340",NA,"lawyer","imprisonment",NA,1e+07,0,0,1,0,0,"breach"
"341",0,"lawfirm","suspended",12,31922000,0,0,1,0,0,"breach"
"342",NA,"lawfirm","suspended",60,NA,0,0,1,0,0,"breach"
"343",0,"lawyer","suspended",76,105700000,0,0,1,0,0,"breach"
"344",NA,"lawyer","imprisonment",NA,1e+08,0,0,1,0,0,"breach"
"345",NA,"lawfirm","imprisonment",NA,3e+07,0,0,1,0,0,"breach"
"346",NA,"lawyer","suspended",10,NA,0,0,1,0,1,"breach"
"347",NA,"lawfirm","imprisonment",NA,NA,0,0,1,0,0,"breach"
"348",1,"lawfirm","suspended",8,2.5e+08,0,0,0,0,1,"breach"
"349",0,"lawfirm","suspended",12,2.4e+07,0,1,0,0,1,"breach"
"350",0,"lawfirm","both",84,118120000,0,0,1,0,0,"breach"
"351",NA,NA,"both",NA,NA,0,0,0,0,0,"breach"
"352",NA,"lawyer","imprisonment",NA,NA,0,0,0,0,0,"breach"
"353",0,"lawfirm","suspended",12,3e+07,0,0,0,0,0,"breach"
"354",NA,"lawfirm","suspended",36,NA,0,1,0,0,1,"breach"
"355",NA,"lawfirm","suspended",12,NA,0,1,0,0,1,"breach"
"356",1,"lawfirm","suspended",48,1.1e+10,0,0,1,0,1,"breach"
"357",NA,"lawfirm","suspended",4,NA,0,0,0,0,0,"breach"
"358",NA,"lawfirm","suspended",10,NA,0,0,1,0,0,"breach"
"359",NA,NA,"both",NA,NA,0,0,0,0,0,"breach"
"360",0,"lawfirm","suspended",36,3.2e+09,0,0,1,0,1,"breach"
"361",NA,"lawfirm","imprisonment",NA,NA,0,0,0,0,0,"breach"
"362",1,"lawfirm","imprisonment",24,3470766900,0,0,0,0,1,"breach"
"363",0,"lawfirm","imprisonment",60,2.211e+09,0,0,1,0,0,"breach"
"364",0,"lawfirm","suspended",6,5e+07,0,0,0,0,0,"breach"
"365",NA,"public","imprisonment",24,NA,0,1,0,0,0,"breach"
"366",NA,"lawfirm","suspended",12,NA,0,0,1,0,0,"breach"
"367",NA,"lawfirm","suspended",NA,NA,0,0,0,0,0,"breach"
"368",0,"lawyer","imprisonment",72,3.45e+09,0,0,1,0,0,"breach"
"369",NA,"lawfirm","suspended",8,NA,0,0,0,0,0,"breach"
"370",NA,"lawyer","imprisonment",NA,NA,0,1,0,0,1,"breach"
"371",0,"lawyer","suspended",8,6.3e+07,0,1,1,1,1,"breach"
"372",0,"lawyer","suspended",60,1408552953,0,0,1,0,1,"breach"
"373",NA,"lawfirm","both",36,NA,0,0,0,0,0,"breach"
"374",0,"lawfirm","suspended",24,22033500,0,0,1,0,0,"breach"
"375",NA,"lawfirm","both",84,NA,0,0,0,0,1,"breach"
"376",0,"lawfirm","suspended",36,3e+09,1,0,0,0,0,"breach"
"377",0,"lawfirm","suspended",60,2e+09,0,1,0,0,1,"breach"
"378",0,"lawfirm","imprisonment",48,1923700000,0,1,1,0,1,"breach"
"379",NA,"lawyer","suspended",6,NA,0,0,0,0,0,"breach"
"380",0,"lawfirm","suspended",42,5e+07,0,1,0,0,0,"breach"
"381",0,"lawfirm","suspended",36,2.2e+09,0,0,1,1,1,"breach"
"382",NA,"lawfirm","both",NA,NA,0,0,0,0,0,"breach"
"383",NA,"public","suspended",6,NA,0,0,0,0,0,"breach"
"384",NA,"lawfirm","both",NA,NA,0,1,0,0,0,"breach"
"385",0,"lawfirm","suspended",72,1.2e+08,0,0,0,0,0,"breach"
"386",NA,"lawfirm","suspended",NA,NA,0,0,0,0,0,"breach"
"387",NA,NA,"imprisonment",NA,6e+07,0,0,0,0,0,"breach"
"388",NA,"lawfirm","suspended",NA,NA,0,0,0,0,0,"breach"
"389",NA,"lawyer","suspended",12,NA,0,0,0,0,0,"breach"
"390",NA,"lawfirm","suspended",24,NA,0,0,0,0,0,"breach"
"391",0,"lawfirm","suspended",72,1.72e+08,0,0,0,0,1,"breach"
"392",0,"public","suspended",20,201695000,0,1,0,1,1,"breach"
"393",NA,"lawfirm","both",NA,NA,0,0,0,0,0,"breach"
"394",0,"lawfirm","suspended",24,4670000,0,0,0,0,0,"breach"
"395",NA,"lawfirm","suspended",8,NA,0,0,0,0,0,"breach"
"396",NA,"lawfirm","imprisonment",24,NA,0,0,1,0,0,"breach"
"397",NA,"lawyer","imprisonment",NA,NA,0,0,0,0,0,"breach"
"398",NA,"lawfirm","suspended",NA,NA,0,0,0,0,0,"breach"
"399",0,"lawfirm","suspended",15,3e+05,0,0,0,0,0,"breach"
"400",NA,"public","imprisonment",14,NA,0,1,0,0,0,"breach"
"401",0,"lawfirm","suspended",8,1e+07,0,0,1,0,0,"breach"
"402",0,"lawfirm","both",24,1.93e+08,0,0,0,0,0,"breach"
"403",NA,"lawfirm","imprisonment",NA,NA,0,0,0,0,0,"breach"
"404",0,"lawfirm","both",18,4.75e+08,0,0,0,0,1,"breach"
"405",NA,"lawfirm","imprisonment",12,NA,0,0,1,0,0,"breach"
"406",NA,"lawfirm","imprisonment",NA,NA,0,0,0,0,0,"breach"
"407",1,"lawfirm","imprisonment",8,199756000,0,1,0,0,1,"breach"
"408",NA,"lawfirm","imprisonment",NA,NA,0,0,0,0,0,"breach"
"409",1,NA,"imprisonment",12,406499920,0,1,0,0,0,"breach"
"410",NA,"lawfirm","imprisonment",NA,NA,0,0,0,0,0,"breach"
"411",NA,"lawfirm","suspended",NA,NA,0,0,0,0,0,"breach"
"412",NA,"lawfirm","suspended",36,NA,0,1,1,0,1,"breach"
"413",0,"lawfirm","imprisonment",6,3e+07,0,0,0,0,0,"breach"
"414",NA,"lawfirm","both",NA,NA,0,0,0,0,0,"breach"
"415",NA,"lawfirm","suspended",48,NA,0,0,1,0,0,"breach"
"416",NA,"lawyer","imprisonment",NA,NA,0,0,0,0,0,"breach"
"417",NA,"lawyer","imprisonment",NA,NA,0,0,0,0,0,"breach"
"418",0,"lawfirm","suspended",6,4210000,0,0,0,0,0,"breach"
"419",0,"lawfirm","suspended",120,2.4447e+12,0,0,1,0,0,"breach"
"420",1,"public","suspended",8,479615000,0,1,1,0,1,"breach"
"421",NA,"lawyer","imprisonment",NA,NA,0,0,0,0,0,"breach"
"422",1,"lawfirm","suspended",8,289200755,0,0,1,0,0,"breach"
"423",1,"lawyer","suspended",24,1.1e+09,0,0,1,0,1,"breach"
"424",0,"lawfirm","suspended",30,1.95e+09,0,0,1,1,1,"breach"
"425",1,"lawfirm","suspended",18,1.474e+09,0,1,0,1,1,"breach"
"426",NA,"lawfirm","both",NA,NA,0,0,0,0,0,"breach"
"427",NA,"lawyer","imprisonment",NA,NA,0,0,0,0,0,"breach"
"428",NA,"lawfirm","suspended",NA,NA,0,0,0,0,1,"breach"
"429",1,"lawfirm","suspended",6,5e+08,0,0,1,1,0,"breach"
"430",NA,"lawfirm","suspended",12,NA,0,0,0,0,1,"breach"
"431",0,"lawfirm","suspended",6,11300865,0,0,1,0,0,"breach"
"432",NA,"lawyer","suspended",6,NA,0,1,0,0,0,"breach"
"433",NA,"lawfirm","imprisonment",NA,NA,0,0,0,0,0,"breach"
"434",1,"public","imprisonment",12,1.6e+08,0,1,0,0,0,"breach"
"435",NA,"lawfirm","imprisonment",NA,NA,0,0,0,0,0,"breach"
"436",0,"lawyer","suspended",72,1.48e+08,0,1,0,0,1,"breach"
"437",NA,"lawyer","both",NA,NA,0,1,0,0,0,"breach"
